"","model","dgp_spec","SV","cross_corr","validation_MAE","validation_MSE","validation_RMSE","validation_RSquare","test_MAE","test_MSE","test_RMSE","test_RSquare","validation_MAE_ave","validation_MSE_ave","validation_RMSE_ave","validation_RSquare_ave","test_MAE_ave","test_MSE_ave","test_RMSE_ave","test_RSquare_ave"
"1","LM_MSE","g1",1,0.01,0.0425283262807228,0.00398392140807405,0.0579373537636729,0.0415860078751106,0.0366775338631548,0.0027400341330097,0.0472372656449532,0.00827323817298387,0.0432390385190707,0.00404788856790878,0.0586288270556049,-0.00201225492263333,0.0374140386227931,0.0028051648963349,0.0481167064399026,-0.045194255570136
"2","LM_MSE","g1",1,0.1,0.0427309926968723,0.00399905836326748,0.0580903142039924,0.0336424535386009,0.0369652356657361,0.00276532899292235,0.0475963806026285,-0.011019756945023,0.0434139335526131,0.00405911283778898,0.0587484938245035,-0.0105382733362945,0.037704772019297,0.00283218362573668,0.0484757759695143,-0.0696348023416355
"3","LM_MSE","g1",1,1,0.0486693532127262,0.00470092177514854,0.0647658745124482,-0.328075153750258,0.0429486116382484,0.003414103725163,0.0546422134062614,-0.438796520585676,0.0494925426832494,0.00479997946148443,0.0656174236750019,-0.394979713215926,0.043919668526603,0.00353336522334595,0.0559121867177754,-0.569509509867783
"4","LM_MSE","g2",1,0.01,0.0439667225845445,0.0041132315082044,0.0593278624808349,-0.0459300275014071,0.0382547771411622,0.00288005771483053,0.0490894949815485,-0.111787999073567,0.0432390385190707,0.00404788856790878,0.0586288270556049,-0.00201225492263333,0.0374140386227931,0.0028051648963349,0.0481167064399026,-0.045194255570136
"5","LM_MSE","g2",1,0.1,0.044125754977551,0.00411862314970364,0.0594076224824995,-0.0533599094470756,0.0385796408247812,0.00291441309894543,0.0495061560202275,-0.142944250943396,0.0434139335526131,0.00405911283778898,0.0587484938245035,-0.0105382733362945,0.037704772019297,0.00283218362573668,0.0484757759695143,-0.0696348023416355
"6","LM_MSE","g2",1,1,0.0504862405658953,0.00493659367539806,0.0666503389789606,-0.46370376898984,0.0453764626112773,0.00371717094184509,0.0577816129673277,-0.780953488144472,0.0494925426832494,0.00479997946148443,0.0656174236750019,-0.394979713215926,0.043919668526603,0.00353336522334595,0.0559121867177754,-0.569509509867783
"7","LM_MSE","g3",1,0.01,0.0432220666919446,0.00404651278744789,0.058621264922307,-0.00169274514160349,0.0373098048640624,0.00279540284116446,0.0480233586932061,-0.0320680058098251,0.0432390385190707,0.00404788856790878,0.0586288270556049,-0.00201225492263333,0.0374140386227931,0.0028051648963349,0.0481167064399026,-0.045194255570136
"8","LM_MSE","g3",1,0.1,0.0433850529834159,0.00405965700039582,0.0587475447870186,-0.0118973641004086,0.0375694395673735,0.00281680878534225,0.0483247912856868,-0.0549403991364875,0.0434139335526131,0.00405911283778898,0.0587484938245035,-0.0105382733362945,0.037704772019297,0.00283218362573668,0.0484757759695143,-0.0696348023416355
"9","LM_MSE","g3",1,1,0.0493220342711267,0.00476242293390668,0.065436057533597,-0.39316021690768,0.0434339313302834,0.00346882100302977,0.0553127337797371,-0.488778520873202,0.0494925426832494,0.00479997946148443,0.0656174236750019,-0.394979713215926,0.043919668526603,0.00353336522334595,0.0559121867177754,-0.569509509867783
"10","LM_MAE","g1",1,0.01,0.04255980446462,0.00397841726211891,0.0579617417764791,0.0369878101815359,0.0366417054899092,0.00273729036020635,0.0472231139262057,0.00904963114182068,0.0432643898368096,0.00404369236695117,0.0586535729801982,-0.00625109459054219,0.0374376786725606,0.00280672421172608,0.048152787168018,-0.0474939150365457
"11","LM_MAE","g1",1,0.1,0.0428227892033608,0.00400515763580885,0.0581865856043552,0.0269215150293641,0.0368113279165434,0.00275546220722513,0.0474176798271379,0.00291884330316108,0.043534220543717,0.00406808243509414,0.0588736693085446,-0.0188483489282656,0.0376818802368595,0.0028309175368827,0.0484372350363006,-0.0657784952250684
"12","LM_MAE","g1",1,1,0.0479385503757299,0.00458585293439391,0.0639576290968472,-0.293602945196172,0.0423399003301091,0.00334445956659297,0.0540406993894373,-0.393044161359506,0.0489863286906537,0.00471766531362581,0.0650893870326948,-0.374061974159715,0.0437389403534827,0.00349911998723838,0.0557963602598127,-0.569174445956192
"13","LM_MAE","g2",1,0.01,0.0440191951068726,0.00411348607425892,0.0593817432675761,-0.0508858959686027,0.0383477870922675,0.00288623181002485,0.0491666183405152,-0.116369449805795,0.0432643898368096,0.00404369236695117,0.0586535729801982,-0.00625109459054219,0.0374376786725606,0.00280672421172608,0.048152787168018,-0.0474939150365457
"14","LM_MAE","g2",1,0.1,0.044322715762778,0.00413593023440182,0.0596154769186361,-0.0658222739618067,0.0387448643857429,0.00292749772916475,0.0496595024087013,-0.152579720654741,0.043534220543717,0.00406808243509414,0.0588736693085446,-0.0188483489282656,0.0376818802368595,0.0028309175368827,0.0484372350363006,-0.0657784952250684
"15","LM_MAE","g2",1,1,0.0499248345727569,0.00483607501655921,0.0660462580333733,-0.433927462037468,0.0453419878115011,0.00368472125210428,0.0576513412030288,-0.769955488698562,0.0489863286906537,0.00471766531362581,0.0650893870326948,-0.374061974159715,0.0437389403534827,0.00349911998723838,0.0557963602598127,-0.569174445956192
"16","LM_MAE","g3",1,0.01,0.0432141699389361,0.00403917376447569,0.0586172338965393,-0.00485519798455979,0.037323543435505,0.00279665046494703,0.0480686292373329,-0.0351619264456632,0.0432643898368096,0.00404369236695117,0.0586535729801982,-0.00625109459054219,0.0374376786725606,0.00280672421172608,0.048152787168018,-0.0474939150365457
"17","LM_MAE","g3",1,0.1,0.0434571566650121,0.00406315943507175,0.0588189454026425,-0.0176442878523543,0.0374894484082922,0.00280979267425822,0.0482345228730628,-0.0476746083236257,0.043534220543717,0.00406808243509414,0.0588736693085446,-0.0188483489282656,0.0376818802368595,0.0028309175368827,0.0484372350363006,-0.0657784952250684
"18","LM_MAE","g3",1,1,0.0490956011234744,0.00473106798992431,0.0652642739678639,-0.394655515245506,0.0435349329188377,0.00346817914301788,0.0556970401869719,-0.544523687810507,0.0489863286906537,0.00471766531362581,0.0650893870326948,-0.374061974159715,0.0437389403534827,0.00349911998723838,0.0557963602598127,-0.569174445956192
"19","ELN_MSE","g1",1,0.01,0.0410206105366424,0.00384234239122583,0.0564553736373349,0.108929996520146,0.0345878170548971,0.002566343540285,0.0449185581433196,0.140335139457426,0.0417143375547194,0.00389789382559951,0.0570812048847798,0.0715701362287636,0.0353880316905678,0.00262626985049389,0.045790833832168,0.0921177795338746
"20","ELN_MSE","g1",1,0.1,0.0410165507269967,0.00384189930586139,0.0564510906190807,0.108532866492304,0.0345629501748128,0.00256431227400179,0.0448934868067738,0.144237553971057,0.0417026222885236,0.00389368481151921,0.0570462862228896,0.0709976813561009,0.0353460897729036,0.00262236949946139,0.0457414269188371,0.0939123495863651
"21","ELN_MSE","g1",1,1,0.0410146777909728,0.00384192136604432,0.0564567911104623,0.110402419793093,0.0346141609518105,0.00256761085521453,0.044943248147694,0.167184137443566,0.041713048774283,0.00389080283174218,0.0570420505505434,0.0726514933271592,0.035444633279328,0.00263189052083221,0.0458589206097528,0.108299567201971
"22","ELN_MSE","g2",1,0.01,0.0423689979601289,0.00394918596756429,0.0576519587733913,0.0369786022745259,0.0362228649352301,0.00268981052894395,0.0466771820378358,0.0368766247749925,0.0417143375547194,0.00389789382559951,0.0570812048847798,0.0715701362287636,0.0353880316905678,0.00262626985049389,0.045790833832168,0.0921177795338746
"23","ELN_MSE","g2",1,0.1,0.0423391306692317,0.00394084103966693,0.0575847570646036,0.0378296053759491,0.0361829895412991,0.00268604701001796,0.0466268989312365,0.0372584714317361,0.0417026222885236,0.00389368481151921,0.0570462862228896,0.0709976813561009,0.0353460897729036,0.00262236949946139,0.0457414269188371,0.0939123495863651
"24","ELN_MSE","g2",1,1,0.0423621438577785,0.00393757935676325,0.0575859665925787,0.0364949932414759,0.0362760742993881,0.00269803468494032,0.0467788380777826,0.0378390860861442,0.041713048774283,0.00389080283174218,0.0570420505505434,0.0726514933271592,0.035444633279328,0.00263189052083221,0.0458589206097528,0.108299567201971
"25","ELN_MSE","g3",1,0.01,0.041753404167387,0.00390215311800841,0.0571362822436132,0.0688018098916189,0.0353534130815761,0.00262265548225272,0.0457767613153487,0.0991415743692051,0.0417143375547194,0.00389789382559951,0.0570812048847798,0.0715701362287636,0.0353880316905678,0.00262626985049389,0.045790833832168,0.0921177795338746
"26","ELN_MSE","g3",1,0.1,0.0417521854693424,0.00389831408902931,0.0571030109849847,0.0666305722000498,0.0352923296025988,0.00261674921436441,0.0457038950185011,0.100241023356302,0.0417026222885236,0.00389368481151921,0.0570462862228896,0.0709976813561009,0.0353460897729036,0.00262236949946139,0.0457414269188371,0.0939123495863651
"27","ELN_MSE","g3",1,1,0.0417623246740977,0.00389290777241897,0.0570833939485892,0.0710570669469088,0.0354436645867855,0.00263002602234177,0.0458546756037819,0.119875478076201,0.041713048774283,0.00389080283174218,0.0570420505505434,0.0726514933271592,0.035444633279328,0.00263189052083221,0.0458589206097528,0.108299567201971
"28","ELN_MAE","g1",1,0.01,0.0410080204561324,0.00384149538416295,0.0564478267624295,0.109227865427021,0.0345786199058191,0.00256521327284003,0.0449052160427522,0.140982121998861,0.0416963786760385,0.00389703689567813,0.0570699842334412,0.0721750772631917,0.035369369224781,0.00262479957266755,0.04576840861206,0.0935313180936578
"29","ELN_MAE","g1",1,0.1,0.0410010199065712,0.00384082537474071,0.0564420343204301,0.10886001125761,0.0345581569188255,0.00256367069500148,0.0448860939854597,0.144627215659866,0.0416855977627196,0.00389329019390502,0.0570386134212951,0.0714746307693094,0.0353387586470101,0.00262268631429457,0.0457342529478687,0.0948068526967148
"30","ELN_MAE","g1",1,1,0.0410029936416691,0.00384050824425626,0.0564447273522085,0.110773082647347,0.0345989398720454,0.0025666985023435,0.0449290953118007,0.167771215378541,0.0417042834067443,0.00389112434947886,0.0570429413994625,0.072616069300134,0.0354562678946232,0.0026334987284888,0.04587550269785,0.107459037948115
"31","ELN_MAE","g2",1,0.01,0.0423402758816441,0.00394834992514662,0.057636270919048,0.0379517433586179,0.0361949981693605,0.00268815450754342,0.046646211537846,0.039169428326937,0.0416963786760385,0.00389703689567813,0.0570699842334412,0.0721750772631917,0.035369369224781,0.00262479957266755,0.04576840861206,0.0935313180936578
"32","ELN_MAE","g2",1,0.1,0.0423147112708636,0.00394113886561371,0.0575773656069594,0.038543060176381,0.0361729886003004,0.00268772859897653,0.0466200178759925,0.0388747044546648,0.0416855977627196,0.00389329019390502,0.0570386134212951,0.0714746307693094,0.0353387586470101,0.00262268631429457,0.0457342529478687,0.0948068526967148
"33","ELN_MAE","g2",1,1,0.0423395432430756,0.00393956911570124,0.0575917453392883,0.0367113117895317,0.0363047045089628,0.00270281717216609,0.0468168806721094,0.0365834001608582,0.0417042834067443,0.00389112434947886,0.0570429413994625,0.072616069300134,0.0354562678946232,0.0026334987284888,0.04587550269785,0.107459037948115
"34","ELN_MAE","g3",1,0.01,0.0417408396903391,0.00390126537772482,0.0571258550188461,0.069345623003936,0.0353344895991633,0.00262103093761921,0.0457537982555819,0.100442403955176,0.0416963786760385,0.00389703689567813,0.0570699842334412,0.0721750772631917,0.035369369224781,0.00262479957266755,0.04576840861206,0.0935313180936578
"35","ELN_MAE","g3",1,0.1,0.0417410621107241,0.00389790634136064,0.0570964403364958,0.0670208208739375,0.0352851304219043,0.00261665964890571,0.045696646982154,0.100918637975614,0.0416855977627196,0.00389329019390502,0.0570386134212951,0.0714746307693094,0.0353387586470101,0.00262268631429457,0.0457342529478687,0.0948068526967148
"36","ELN_MAE","g3",1,1,0.041770313335488,0.00389329568847908,0.0570923515068907,0.0703638134635227,0.0354651593028614,0.00263098051095682,0.0458805321096399,0.118022498304944,0.0417042834067443,0.00389112434947886,0.0570429413994625,0.072616069300134,0.0354562678946232,0.0026334987284888,0.04587550269785,0.107459037948115
"37","RF_MSE","g1",1,0.01,0.0422325251282193,0.00394439555810981,0.0575833623266667,0.055460472158376,0.0357752049350458,0.00267095329366243,0.0463094798280975,0.063425744999329,0.0421766707978372,0.00393991823127004,0.0575282890362008,0.0508252518994153,0.035765450808686,0.00266313491893417,0.0462657436683841,0.0671127008975126
"38","RF_MSE","g1",1,0.1,0.0422815870274581,0.00395134498839845,0.0576333715179795,0.0529012854676159,0.0357694769856634,0.00266485201191878,0.0462672305026288,0.0667382043017808,0.0421966196879748,0.0039426749120798,0.0575416212006033,0.048780162838397,0.0357735169192735,0.00266255220079283,0.0462609048643539,0.0662385454648378
"39","RF_MSE","g1",1,1,0.0425159175356417,0.00396231409830989,0.0578323648002652,0.0432532202779357,0.0362325240993856,0.00269771644333801,0.0467553204097365,0.0687740755100827,0.0424287429457477,0.00395644256949403,0.0577422070261973,0.0397275528856068,0.0361449148905112,0.00269207634454907,0.0466729883332893,0.0652547935127505
"40","RF_MSE","g2",1,0.01,0.0421191403209987,0.00393528059378369,0.057459061069911,0.0478312044463385,0.0357179034563724,0.00265712201066478,0.0462018385625369,0.0676146722029287,0.0421766707978372,0.00393991823127004,0.0575282890362008,0.0508252518994153,0.035765450808686,0.00266313491893417,0.0462657436683841,0.0671127008975126
"41","RF_MSE","g2",1,0.1,0.0421112519043095,0.00393538355891621,0.057442323546689,0.0477047032090484,0.035684467316462,0.00265245306487131,0.0461354581253004,0.0691388564987279,0.0421966196879748,0.0039426749120798,0.0575416212006033,0.048780162838397,0.0357735169192735,0.00266255220079283,0.0462609048643539,0.0662385454648378
"42","RF_MSE","g2",1,1,0.0422780238552468,0.00394605827439302,0.0575830850119047,0.0397266908667366,0.035989311717487,0.00268331709928428,0.046513283195786,0.0571034932328168,0.0424287429457477,0.00395644256949403,0.0577422070261973,0.0397275528856068,0.0361449148905112,0.00269207634454907,0.0466729883332893,0.0652547935127505
"43","RF_MSE","g3",1,0.01,0.0421783469442936,0.00394007854191661,0.0575424437120247,0.0491840790935313,0.0358032440346399,0.00266132945247528,0.046285912614518,0.0702976854902802,0.0421766707978372,0.00393991823127004,0.0575282890362008,0.0508252518994153,0.035765450808686,0.00266313491893417,0.0462657436683841,0.0671127008975126
"44","RF_MSE","g3",1,0.1,0.0421970201321569,0.00394129618892475,0.0575491685371414,0.0457344998385267,0.0358666064556951,0.0026703515255884,0.0463800259651326,0.0628385755940046,0.0421966196879748,0.0039426749120798,0.0575416212006033,0.048780162838397,0.0357735169192735,0.00266255220079283,0.0462609048643539,0.0662385454648378
"45","RF_MSE","g3",1,1,0.0424922874463545,0.00396095533577916,0.057811171266422,0.036202747512148,0.0362129088546612,0.00269519549102491,0.0467503613943452,0.069886811795352,0.0424287429457477,0.00395644256949403,0.0577422070261973,0.0397275528856068,0.0361449148905112,0.00269207634454907,0.0466729883332893,0.0652547935127505
"46","RF_MAE","g1",1,0.01,0.0420116109846927,0.00392328734939894,0.0573661640632856,0.0656997335992776,0.0354594327904976,0.00264339787446767,0.0459495720931419,0.0833384585755156,0.0419640330124701,0.00392126928920003,0.0573326346146518,0.0603544605042584,0.0354732404684493,0.00263948592349165,0.0459394451928635,0.0858401416710392
"47","RF_MAE","g1",1,0.1,0.0420531012712222,0.00392618226677139,0.0574045675490281,0.0629456904970781,0.0355152975205865,0.00264889565577944,0.0460293116570241,0.0814252789650479,0.0419741480987994,0.00391858871139501,0.0573215748187129,0.0585272888772288,0.0355245055870481,0.0026424025833375,0.0459871934783132,0.0821575699156008
"48","RF_MAE","g1",1,1,0.0422579774404684,0.00393645301509989,0.0575753000320181,0.0557707748915633,0.0359158000239597,0.00267469782200883,0.0464325575562802,0.0870805973730103,0.0421224360674498,0.00392239391542692,0.0574269055921895,0.0539714655319876,0.0358707033638335,0.00266594502005051,0.0463634042392087,0.081134306861666
"49","RF_MAE","g2",1,0.01,0.0418805203823695,0.00391513372533753,0.0572400692585713,0.0587774866386148,0.0354203833144107,0.00263048908075777,0.0458429020016767,0.0876529114385328,0.0419640330124701,0.00392126928920003,0.0573326346146518,0.0603544605042584,0.0354732404684493,0.00263948592349165,0.0459394451928635,0.0858401416710392
"50","RF_MAE","g2",1,0.1,0.0419000664760338,0.00391107721172136,0.0572188682796566,0.0575395397719946,0.0354893721369285,0.00263449630779485,0.0458878230204204,0.0834048454294088,0.0419741480987994,0.00391858871139501,0.0573215748187129,0.0585272888772288,0.0355245055870481,0.0026424025833375,0.0459871934783132,0.0821575699156008
"51","RF_MAE","g2",1,1,0.0419042552140254,0.00390593740652306,0.0572085644842121,0.0565750127352654,0.0356433824306962,0.00264448950822095,0.0460612739144582,0.0809650694079148,0.0421224360674498,0.00392239391542692,0.0574269055921895,0.0539714655319876,0.0358707033638335,0.00266594502005051,0.0463634042392087,0.081134306861666
"52","RF_MAE","g3",1,0.01,0.041999967670348,0.00392538679286363,0.0573916705220986,0.0565861612748828,0.0355399053004394,0.00264457081524952,0.046025861483772,0.0865290549990693,0.0419640330124701,0.00392126928920003,0.0573326346146518,0.0603544605042584,0.0354732404684493,0.00263948592349165,0.0459394451928635,0.0858401416710392
"53","RF_MAE","g3",1,0.1,0.0419692765491422,0.00391850665569228,0.057341288627454,0.0550966363626137,0.0355688471036294,0.0026438157864382,0.0460444457574951,0.0816425853523457,0.0419741480987994,0.00391858871139501,0.0573215748187129,0.0585272888772288,0.0355245055870481,0.0026424025833375,0.0459871934783132,0.0821575699156008
"54","RF_MAE","g3",1,1,0.0422050755478557,0.00392479132465783,0.0574968522603384,0.0495686089691339,0.0360529276368446,0.00267864772992176,0.0465963812468876,0.0753572538040729,0.0421224360674498,0.00392239391542692,0.0574269055921895,0.0539714655319876,0.0358707033638335,0.00266594502005051,0.0463634042392087,0.081134306861666
"55","NN1_MSE","g1",1,0.01,0.0430007777124802,0.00401673549260548,0.0582845381615078,0.0222788542053777,0.0364515814324377,0.00272185290726886,0.0470343765724463,0.0163443477799644,0.043116284840586,0.00402022291216292,0.0583683927296515,0.00836871494599273,0.0366355738970703,0.00273071570165494,0.0472094425299822,0.00725414052182159
"56","NN1_MSE","g1",1,0.1,0.042968351737317,0.00400907093686461,0.0582295202260579,0.0233164119933413,0.0364624496918086,0.00271908356629831,0.0470146975694203,0.0204223405075914,0.0431085115451072,0.00401495740523889,0.0583318172394273,0.00715389661925338,0.0366571027814615,0.0027302453048574,0.0472172718206632,0.00537285042101192
"57","NN1_MSE","g1",1,1,0.0436108395528778,0.00407335829936102,0.0589078539600998,-0.00594376976712228,0.0375451586648611,0.00282055715288613,0.0482350810547326,-0.0144520169200136,0.043437843009557,0.00404336037169895,0.0586698786692491,-0.00809461075044902,0.0373510987370178,0.00279395581059287,0.048000982850455,-0.0138727456639573
"58","NN1_MSE","g2",1,0.01,0.0431978918010127,0.00402109018395718,0.0583874504697999,-0.000249859017964275,0.036767749353258,0.00273188108260008,0.0472964512679141,-0.00391737886270827,0.043116284840586,0.00402022291216292,0.0583683927296515,0.00836871494599273,0.0366355738970703,0.00273071570165494,0.0472094425299822,0.00725414052182159
"59","NN1_MSE","g2",1,0.1,0.043207437880988,0.00401734806207223,0.0583657992762253,-0.00154630653728639,0.0367762401314129,0.00273445149079043,0.0473118840903736,-0.00725879199615556,0.0431085115451072,0.00401495740523889,0.0583318172394273,0.00715389661925338,0.0366571027814615,0.0027302453048574,0.0472172718206632,0.00537285042101192
"60","NN1_MSE","g2",1,1,0.0432519462908575,0.00401733975186431,0.058402154807709,-0.00466523897890619,0.0370492092914595,0.0027637723149745,0.0476427755501562,-0.0146972897707591,0.043437843009557,0.00404336037169895,0.0586698786692491,-0.00809461075044902,0.0373510987370178,0.00279395581059287,0.048000982850455,-0.0138727456639573
"61","NN1_MSE","g3",1,0.01,0.043150185008265,0.0040228430599261,0.0584331895576469,0.00307714965056479,0.0366873909055151,0.00273841311509588,0.0472974997495863,0.00933545264820868,0.043116284840586,0.00402022291216292,0.0583683927296515,0.00836871494599273,0.0366355738970703,0.00273071570165494,0.0472094425299822,0.00725414052182159
"62","NN1_MSE","g3",1,0.1,0.0431497450170165,0.00401845321677983,0.0584001322159989,-0.00030841559829479,0.0367326185211631,0.00273720085748347,0.0473252338021957,0.00295500275159997,0.0431085115451072,0.00401495740523889,0.0583318172394273,0.00715389661925338,0.0366571027814615,0.0027302453048574,0.0472172718206632,0.00537285042101192
"63","NN1_MSE","g3",1,1,0.0434507431849356,0.00403938306387151,0.0586996272399385,-0.0136748235053186,0.0374589282547329,0.00279753796391798,0.0481250919464763,-0.0124689303010991,0.043437843009557,0.00404336037169895,0.0586698786692491,-0.00809461075044902,0.0373510987370178,0.00279395581059287,0.048000982850455,-0.0138727456639573
"64","NN1_MAE","g1",1,0.01,0.0422105232566451,0.00394791290325286,0.0575642119205515,0.0588622348050288,0.0359603692093115,0.00267858365538557,0.0464406135880378,0.055813926071261,0.0426148093196991,0.00397918034965541,0.0579344446255976,0.031042022104001,0.0363952193481066,0.00270850646031837,0.0469173894032031,0.0266931020868589
"65","NN1_MAE","g1",1,0.1,0.0423616161358621,0.00395765221255265,0.0577187828230967,0.0471200811178998,0.036082265713438,0.00268660942569275,0.0465653281438569,0.0506975720631039,0.0427149063993696,0.00398410102345258,0.0580130796751844,0.0236162997826913,0.0364714298844922,0.00271304640637441,0.0469916188411876,0.0208131200668914
"66","NN1_MAE","g1",1,1,0.0437254313206469,0.00410689379091824,0.0591382351668533,-0.0123754040239154,0.0378893634550537,0.00283380106016058,0.0485777129624453,-0.0431818226332996,0.0438063024477551,0.00410121224776936,0.0591785146293885,-0.0287816438648683,0.0377246783313207,0.00282362792138853,0.0484179940054677,-0.0416927657916563
"67","NN1_MAE","g2",1,0.01,0.043010847609557,0.00400800043039656,0.0582731617268419,0.00543497182846666,0.0369206330485484,0.00274738536520933,0.047495791800988,-0.0151053422571555,0.0426148093196991,0.00397918034965541,0.0579344446255976,0.031042022104001,0.0363952193481066,0.00270850646031837,0.0469173894032031,0.0266931020868589
"68","NN1_MAE","g2",1,0.1,0.0430703964886866,0.00400805712542382,0.0582930892610981,0.00226229815963732,0.037010039602146,0.00275031944950139,0.0475376938524177,-0.0205616239158256,0.0427149063993696,0.00398410102345258,0.0580130796751844,0.0236162997826913,0.0364714298844922,0.00271304640637441,0.0469916188411876,0.0208131200668914
"69","NN1_MAE","g2",1,1,0.0440352092707236,0.00411021247001441,0.0593982134265953,-0.0558905684405313,0.0379790471448951,0.00284451664064817,0.0487160167309272,-0.0840747439220358,0.0438063024477551,0.00410121224776936,0.0591785146293885,-0.0287816438648683,0.0377246783313207,0.00282362792138853,0.0484179940054677,-0.0416927657916563
"70","NN1_MAE","g3",1,0.01,0.0426230570928951,0.0039816277153168,0.0579659602293995,0.0288288596785075,0.0363046557864598,0.00269955036036021,0.0468157628205835,0.0393707224464713,0.0426148093196991,0.00397918034965541,0.0579344446255976,0.031042022104001,0.0363952193481066,0.00270850646031837,0.0469173894032031,0.0266931020868589
"71","NN1_MAE","g3",1,0.1,0.0427127065735602,0.00398659373238127,0.0580273669413585,0.0214665200705367,0.0363219843378928,0.00270221034392909,0.0468718345272882,0.0323034120533957,0.0427149063993696,0.00398410102345258,0.0580130796751844,0.0236162997826913,0.0364714298844922,0.00271304640637441,0.0469916188411876,0.0208131200668914
"72","NN1_MAE","g3",1,1,0.0436582667518948,0.00408653048237544,0.0589990952947168,-0.0180789591301582,0.0373056243940132,0.00279256606335685,0.0479602523230307,0.00217826918036662,0.0438063024477551,0.00410121224776936,0.0591785146293885,-0.0287816438648683,0.0377246783313207,0.00282362792138853,0.0484179940054677,-0.0416927657916563
"73","NN2_MSE","g1",1,0.01,0.043792962206559,0.00410065328986696,0.0590619817971042,-0.0135936843958237,0.0370186745038099,0.00278500053595709,0.0477264461977531,-0.0217868977722889,0.0436796772630208,0.00407505341272008,0.058939543263994,-0.0213854663169199,0.0371424455374567,0.00277821493704939,0.047790946955501,-0.0274814288857527
"74","NN2_MSE","g1",1,0.1,0.0434569246446368,0.00404908656092544,0.0586971997970289,-0.00421597879329114,0.0369774963015182,0.00276513202555858,0.0476523610637367,-0.0212763274707951,0.0433536981550684,0.00403552657276677,0.0585589604757292,-0.00502417112128443,0.0369920272381015,0.00275712417601225,0.0476233739518747,-0.0231530979693146
"75","NN2_MSE","g1",1,1,0.0434368392035888,0.00404421086758626,0.0586561535446071,0.00342415861710313,0.0375360415779234,0.00281376354192128,0.0481988219610876,-0.0139782936375943,0.0433684738022498,0.00403144575509103,0.0585591403359759,-0.00309561689220855,0.0373184001235877,0.00279141088708297,0.0479617764180359,-0.0122594388941634
"76","NN2_MSE","g2",1,0.01,0.0436803254174216,0.00406482476051544,0.0588858869502829,-0.0276317044465419,0.037319659944992,0.00277516919323988,0.0479045236873113,-0.0433536700491706,0.0436796772630208,0.00407505341272008,0.058939543263994,-0.0213854663169199,0.0371424455374567,0.00277821493704939,0.047790946955501,-0.0274814288857527
"77","NN2_MSE","g2",1,0.1,0.0432897557357591,0.00402429003141108,0.0584345151749417,-0.00495125868852105,0.0370087564468226,0.00274784707956893,0.0475658945709726,-0.0275383917713851,0.0433536981550684,0.00403552657276677,0.0585589604757292,-0.00502417112128443,0.0369920272381015,0.00275712417601225,0.0476233739518747,-0.0231530979693146
"78","NN2_MSE","g2",1,1,0.0432754218941669,0.00402006446647787,0.0584164516422235,-0.00490799969767279,0.036903496440245,0.00275180933521371,0.0474863949716202,-0.00586642148234971,0.0433684738022498,0.00403144575509103,0.0585591403359759,-0.00309561689220855,0.0373184001235877,0.00279141088708297,0.0479617764180359,-0.0122594388941634
"79","NN2_MSE","g3",1,0.01,0.0435657441650818,0.00405968218777784,0.0588707610445948,-0.0229310101083942,0.0370890021635683,0.0027744750819512,0.0477418709814387,-0.0173037188357987,0.0436796772630208,0.00407505341272008,0.058939543263994,-0.0213854663169199,0.0371424455374567,0.00277821493704939,0.047790946955501,-0.0274814288857527
"80","NN2_MSE","g3",1,0.1,0.0433144140848092,0.00403320312596378,0.0585451664552171,-0.00590527588204111,0.0369898289659638,0.00275839342290924,0.047651866220915,-0.0206445746657635,0.0433536981550684,0.00403552657276677,0.0585589604757292,-0.00502417112128443,0.0369920272381015,0.00275712417601225,0.0476233739518747,-0.0231530979693146
"81","NN2_MSE","g3",1,1,0.0433931603089938,0.00403006193120895,0.0586048158210971,-0.007803009596056,0.0375156623525948,0.00280865978411391,0.0482001123214,-0.0169336015625463,0.0433684738022498,0.00403144575509103,0.0585591403359759,-0.00309561689220855,0.0373184001235877,0.00279141088708297,0.0479617764180359,-0.0122594388941634
"82","NN2_MAE","g1",1,0.01,0.0421923828188367,0.00394452735566873,0.0575403478349097,0.0591257703546709,0.0358939023059287,0.00267176744689365,0.0463768467600356,0.0577427144340015,0.0426175118714762,0.0039776736047245,0.0579303638047146,0.0306356393153497,0.0363542056608356,0.00270473649306238,0.0468723173922803,0.0289633333722676
"83","NN2_MAE","g1",1,0.1,0.0422321011474824,0.00394656947824879,0.0575620714722543,0.0574346574540522,0.0358897825980158,0.00266810032924849,0.0463632029492717,0.0603096038559503,0.0426394771984984,0.00397746403416356,0.0579262167606861,0.029014759825534,0.0363655293753664,0.00270479509493356,0.0468845120037258,0.0267963211776341
"84","NN2_MAE","g1",1,1,0.0436163535538313,0.00409208106573217,0.0590519187802264,-0.0101193667064095,0.0374795261862628,0.00281417158252614,0.0481610993682569,-0.00952895837742493,0.0436474724580933,0.00408242135375501,0.0590048112151684,-0.0204778240925825,0.037555064113105,0.00281355492583571,0.0482420506036707,-0.0283459060050688
"85","NN2_MAE","g2",1,0.01,0.0430072640520645,0.00400236871648103,0.0582392805476117,0.00639480986144468,0.0368335179268425,0.00273963878336353,0.0473748632402865,-0.00715791509853634,0.0426175118714762,0.0039776736047245,0.0579303638047146,0.0306356393153497,0.0363542056608356,0.00270473649306238,0.0468723173922803,0.0289633333722676
"86","NN2_MAE","g2",1,0.1,0.0430468517168608,0.00400526722379178,0.0582682842979225,0.00345780285184299,0.0369366993442065,0.00275025468379197,0.0475003422541174,-0.0170773633317432,0.0426394771984984,0.00397746403416356,0.0579262167606861,0.029014759825534,0.0363655293753664,0.00270479509493356,0.0468845120037258,0.0267963211776341
"87","NN2_MAE","g2",1,1,0.0437351928845624,0.00408191024347256,0.0590479112376119,-0.034384490904101,0.0377146077625157,0.00282264442122933,0.0484275620272287,-0.0653904422313973,0.0436474724580933,0.00408242135375501,0.0590048112151684,-0.0204778240925825,0.037555064113105,0.00281355492583571,0.0482420506036707,-0.0283459060050688
"88","NN2_MAE","g3",1,0.01,0.0426528887435274,0.00398612474202373,0.0580114630316224,0.0263863377299337,0.0363351967497356,0.00270280324892995,0.0468652421765188,0.0363052007813378,0.0426175118714762,0.0039776736047245,0.0579303638047146,0.0306356393153497,0.0363542056608356,0.00270473649306238,0.0468723173922803,0.0289633333722676
"89","NN2_MAE","g3",1,0.1,0.0426394787311519,0.00398055540045012,0.0579482945118817,0.0261518191707068,0.0362701061838769,0.0026960302717602,0.0467899908077883,0.0371567230086951,0.0426394771984984,0.00397746403416356,0.0579262167606861,0.029014759825534,0.0363655293753664,0.00270479509493356,0.0468845120037258,0.0267963211776341
"90","NN2_MAE","g3",1,1,0.0435908709358863,0.0040732727520603,0.058914603627667,-0.016929614667237,0.0374710583905365,0.00280384877375166,0.0481374904155264,-0.0101183174063841,0.0436474724580933,0.00408242135375501,0.0590048112151684,-0.0204778240925825,0.037555064113105,0.00281355492583571,0.0482420506036707,-0.0283459060050688
"91","NN3_MSE","g1",1,0.01,0.0434642741730258,0.00405659789932947,0.0587084566400572,0.000551206868043878,0.0367827074598878,0.00275683009950402,0.0474417891843157,-0.00676162043479374,0.0434300940046658,0.00404508813459619,0.0586527415313519,-0.00742417170962788,0.0368861181558862,0.00275304423879353,0.0474983822795686,-0.011454940558987
"92","NN3_MSE","g1",1,0.1,0.0433306532754171,0.00404138920406605,0.0585532738767767,0.00766058838809552,0.0369383603549198,0.00276127828669732,0.0475720111105132,-0.015399395098814,0.0432883263626328,0.00403301351882088,0.058494153547682,0.000118329796922893,0.0368881190925415,0.00275231006819938,0.0474900290729691,-0.0116372191976171
"93","NN3_MSE","g1",1,1,0.0434959695986829,0.00404849173015906,0.0587318458426139,-0.00134110848665895,0.0374242332126363,0.0028080579046715,0.0481429960573163,-0.012963812649844,0.0433803395346547,0.00403190065228531,0.058591149482104,-0.00602535543810433,0.0372606871970785,0.00278716304457326,0.0479151774544797,-0.00988820183407651
"94","NN3_MSE","g2",1,0.01,0.0433461138770183,0.00403317521036874,0.0585305994348129,-0.00862999097507608,0.0368396689300578,0.00273793128145501,0.0473670211789665,-0.0075248995352817,0.0434300940046658,0.00404508813459619,0.0586527415313519,-0.00742417170962788,0.0368861181558862,0.00275304423879353,0.0474983822795686,-0.011454940558987
"95","NN3_MSE","g2",1,0.1,0.0432935300214804,0.00402672654300158,0.0584430505909822,-0.00455246860908201,0.0368517060063899,0.00273839323718199,0.0474072942538378,-0.0151059503945647,0.0432883263626328,0.00403301351882088,0.058494153547682,0.000118329796922893,0.0368881190925415,0.00275231006819938,0.0474900290729691,-0.0116372191976171
"96","NN3_MSE","g2",1,1,0.0432266934038049,0.0040153880895563,0.0583876299329659,-0.0043518560435292,0.0369375863088439,0.00275431441445964,0.0475070188328207,-0.0063528879884934,0.0433803395346547,0.00403190065228531,0.058591149482104,-0.00602535543810433,0.0372606871970785,0.00278716304457326,0.0479151774544797,-0.00988820183407651
"97","NN3_MSE","g3",1,0.01,0.0434798939639532,0.00404549129409034,0.0587191685191856,-0.0141937310218514,0.037035978077713,0.00276437133542157,0.0476863364754236,-0.0200783017068856,0.0434300940046658,0.00404508813459619,0.0586527415313519,-0.00742417170962788,0.0368861181558862,0.00275304423879353,0.0474983822795686,-0.011454940558987
"98","NN3_MSE","g3",1,0.1,0.043240795791001,0.00403092480939501,0.0584861361752871,-0.00275313038824483,0.036874290916315,0.00275725868071882,0.0474907818545564,-0.00440631209947258,0.0432883263626328,0.00403301351882088,0.058494153547682,0.000118329796922893,0.0368881190925415,0.00275231006819938,0.0474900290729691,-0.0116372191976171
"99","NN3_MSE","g3",1,1,0.0434183556014765,0.00403182213714057,0.0586539726707321,-0.0123831017841249,0.0374202420697554,0.00279911681458866,0.0480955174733021,-0.0103479048638921,0.0433803395346547,0.00403190065228531,0.058591149482104,-0.00602535543810433,0.0372606871970785,0.00278716304457326,0.0479151774544797,-0.00988820183407651
"100","NN3_MAE","g1",1,0.01,0.0421549041622458,0.00394177308703225,0.0575011970095158,0.0610223651941758,0.0358164471661234,0.00266965053849546,0.0462869121062747,0.0654320899494268,0.0426783635876605,0.00398427543364474,0.0579898551206038,0.0279298815113149,0.03640736462848,0.0027122633544995,0.0469332137276264,0.0263273706594729
"101","NN3_MAE","g1",1,0.1,0.0422141193768511,0.0039429792045936,0.0575549923466589,0.0560354644775849,0.0358934951042297,0.00267707637201591,0.0463902626384439,0.0620016825911991,0.0426897986043886,0.00397858510517088,0.0579569521320803,0.0262868369584884,0.0363174969446346,0.00270361315074986,0.0468394963898986,0.0302544783229242
"102","NN3_MAE","g1",1,1,0.0433058663230612,0.00405950508101924,0.0587059253721322,0.00657669220559814,0.0370086755246694,0.00277435493220006,0.0476375944416653,0.0213288286461654,0.0434279754573098,0.00405736294479792,0.0587531492287021,-0.0087913067334956,0.0372307898264814,0.0027830491222477,0.0478591031915151,-0.00554051108388142
"103","NN3_MAE","g2",1,0.01,0.0430852623416573,0.00401391697935582,0.0583373284249212,0.00234718088190457,0.0369344935174795,0.00274908551426536,0.0475080580578279,-0.0163983349069767,0.0426783635876605,0.00398427543364474,0.0579898551206038,0.0279298815113149,0.03640736462848,0.0027122633544995,0.0469332137276264,0.0263273706594729
"104","NN3_MAE","g2",1,0.1,0.0432165376988456,0.00401489073362023,0.0583768858129679,-0.00320452407388747,0.0368589549693102,0.00274060031302562,0.0473928446038707,-0.0118496778536125,0.0426897986043886,0.00397858510517088,0.0579569521320803,0.0262868369584884,0.0363174969446346,0.00270361315074986,0.0468394963898986,0.0302544783229242
"105","NN3_MAE","g2",1,1,0.0434910812894946,0.00405516892222702,0.0587533425787647,-0.0197535418290221,0.0372704511649143,0.00278321921793705,0.0478949668684585,-0.0296437026213577,0.0434279754573098,0.00405736294479792,0.0587531492287021,-0.0087913067334956,0.0372307898264814,0.0027830491222477,0.0478591031915151,-0.00554051108388142
"106","NN3_MAE","g3",1,0.01,0.0427949242590785,0.00399713623454616,0.0581310399273744,0.0204200984578642,0.0364711532018369,0.00271805401073769,0.0470046710187767,0.0299483569359686,0.0426783635876605,0.00398427543364474,0.0579898551206038,0.0279298815113149,0.03640736462848,0.0027122633544995,0.0469332137276264,0.0263273706594729
"107","NN3_MAE","g3",1,0.1,0.0426387387374691,0.0039778853772988,0.0579389782366141,0.0260295704717679,0.036200040760364,0.00269316276720805,0.0467353819273812,0.0406114302311859,0.0426897986043886,0.00397858510517088,0.0579569521320803,0.0262868369584884,0.0363174969446346,0.00270361315074986,0.0468394963898986,0.0302544783229242
"108","NN3_MAE","g3",1,1,0.0434869787593735,0.0040574148311475,0.0588001797352095,-0.0131970705770628,0.0374132427898606,0.00279157321660599,0.0480447482644215,-0.008306659276452,0.0434279754573098,0.00405736294479792,0.0587531492287021,-0.0087913067334956,0.0372307898264814,0.0027830491222477,0.0478591031915151,-0.00554051108388142
"109","NN4_MSE","g1",1,0.01,0.0436174842667083,0.00407259161830581,0.0589066101912675,-0.0114575749591657,0.0368807829809428,0.00275859614723601,0.0475657765497901,-0.0206196548508846,0.0434704965706998,0.00405238108939382,0.0587245909582457,-0.0115448853928944,0.0369539390978669,0.0027586892155064,0.0475890942776084,-0.0182994418162896
"110","NN4_MSE","g1",1,0.1,0.0435056976561815,0.00405506740124646,0.0587445785584993,-0.00645533572343833,0.0368771835498243,0.00276101329772702,0.0475497882392097,-0.0145790813465277,0.0434708875952723,0.00404171756282288,0.058684832051723,-0.016826503014807,0.0369899032746359,0.00275686063588543,0.0476167906723178,-0.0240614273632486
"111","NN4_MSE","g1",1,1,0.0435619438383357,0.00405437636686133,0.0588022701838787,-0.00627613072980707,0.0373820025859475,0.0028051316280855,0.0480684287018435,-0.0064810950129358,0.0433653645406424,0.00402960589429578,0.058563295531951,-0.00448355849589229,0.0372109287967177,0.00278423028373703,0.0478657114447433,-0.00652963964683133
"112","NN4_MSE","g2",1,0.01,0.0433112714208853,0.00403198414954866,0.0585007894841738,-0.00676272947642028,0.0368555240015338,0.00274225258043441,0.0473814183640378,-0.00771524804782201,0.0434704965706998,0.00405238108939382,0.0587245909582457,-0.0115448853928944,0.0369539390978669,0.0027586892155064,0.0475890942776084,-0.0182994418162896
"113","NN4_MSE","g2",1,0.1,0.0436477390977063,0.00404615126431281,0.0588333139593803,-0.0399684641976642,0.0372207067016242,0.0027615373204668,0.0478146337332497,-0.0487112194065094,0.0434708875952723,0.00404171756282288,0.058684832051723,-0.016826503014807,0.0369899032746359,0.00275686063588543,0.0476167906723178,-0.0240614273632486
"114","NN4_MSE","g2",1,1,0.0432088120942724,0.00401268208777185,0.0583563242048029,-0.00221849578829326,0.0368965772309029,0.0027505135423633,0.0474773564559564,-0.0053689097847123,0.0433653645406424,0.00402960589429578,0.058563295531951,-0.00448355849589229,0.0372109287967177,0.00278423028373703,0.0478657114447433,-0.00652963964683133
"115","NN4_MSE","g3",1,0.01,0.0434827340245057,0.00405256750032698,0.0587663731992957,-0.0164143517430972,0.0371255103111243,0.0027752189188488,0.0478200879189971,-0.0265634225501622,0.0434704965706998,0.00405238108939382,0.0587245909582457,-0.0115448853928944,0.0369539390978669,0.0027586892155064,0.0475890942776084,-0.0182994418162896
"116","NN4_MSE","g3",1,0.1,0.0432592260319292,0.00402393402290938,0.0584766036372895,-0.00405570912331848,0.0368718195724592,0.00274803128946248,0.0474859500444941,-0.00889398133670883,0.0434708875952723,0.00404171756282288,0.058684832051723,-0.016826503014807,0.0369899032746359,0.00275686063588543,0.0476167906723178,-0.0240614273632486
"117","NN4_MSE","g3",1,1,0.0433253376893192,0.00402175922825416,0.0585312922071714,-0.00495604896957655,0.0373542065733028,0.00279704568076228,0.0480513491764301,-0.00773891414284589,0.0433653645406424,0.00402960589429578,0.058563295531951,-0.00448355849589229,0.0372109287967177,0.00278423028373703,0.0478657114447433,-0.00652963964683133
"118","NN4_MAE","g1",1,0.01,0.0423366510047362,0.00395954030036589,0.0576529931422724,0.0555448309640245,0.0359348174044938,0.00267819682192935,0.0464095132733178,0.0577195899783947,0.0428788245637305,0.00399882049406938,0.0581441446685852,0.0191449899717702,0.0365133839851268,0.00272148879654718,0.0470534781754309,0.0179498099308789
"119","NN4_MAE","g1",1,0.1,0.0421392457852506,0.00394079131870886,0.057490462017871,0.0607766448279073,0.0358280793779712,0.00266508149191837,0.0462947168078559,0.0650414870224525,0.0426627837449121,0.00397756332062835,0.0579333968977716,0.0280799589435794,0.0363447858333337,0.0027032744934423,0.0468580483319638,0.0278778943162576
"120","NN4_MAE","g1",1,1,0.0433491609171119,0.00405800004595764,0.058712655177517,0.00575182310167119,0.037094836492106,0.00277863258111152,0.0476853212421927,0.0198663106615698,0.04349139016956,0.0040575861703032,0.0587533142729608,-0.00899364069658587,0.0372397312634899,0.0027868313921861,0.0478563207933101,-0.00379933471472277
"121","NN4_MAE","g2",1,0.01,0.0432393058924514,0.00402116084727043,0.0584291531535102,-0.00469833388594039,0.0368974200142225,0.00274871855670759,0.0474467618145359,-0.0109165515950531,0.0428788245637305,0.00399882049406938,0.0581441446685852,0.0191449899717702,0.0365133839851268,0.00272148879654718,0.0470534781754309,0.0179498099308789
"122","NN4_MAE","g2",1,0.1,0.0431937762341334,0.00401437231827589,0.0583573520923522,-0.00136644978339033,0.0369332871322845,0.00274935539902983,0.0475055500350509,-0.0191117225767508,0.0426627837449121,0.00397756332062835,0.0579333968977716,0.0280799589435794,0.0363447858333337,0.0027032744934423,0.0468580483319638,0.0278778943162576
"123","NN4_MAE","g2",1,1,0.0435190341492077,0.00405577551592103,0.058721426206206,-0.0173038189231256,0.0373230358639224,0.0027947244106123,0.0479372643388013,-0.029376723199856,0.04349139016956,0.0040575861703032,0.0587533142729608,-0.00899364069658587,0.0372397312634899,0.0027868313921861,0.0478563207933101,-0.00379933471472277
"124","NN4_MAE","g3",1,0.01,0.0430605167940037,0.00401576033457182,0.0583502877099729,0.00658847283722641,0.036707914536664,0.0027375510110046,0.047304159438439,0.00704639140929514,0.0428788245637305,0.00399882049406938,0.0581441446685852,0.0191449899717702,0.0365133839851268,0.00272148879654718,0.0470534781754309,0.0179498099308789
"125","NN4_MAE","g3",1,0.1,0.0426553292153523,0.00397752632490032,0.0579523765830916,0.0248296817862213,0.0362729909897454,0.0026953865893787,0.0467738781529846,0.0377039185030711,0.0426627837449121,0.00397756332062835,0.0579333968977716,0.0280799589435794,0.0363447858333337,0.0027032744934423,0.0468580483319638,0.0278778943162576
"126","NN4_MAE","g3",1,1,0.0436059754423603,0.00405898294903091,0.0588258614351594,-0.0154289262683031,0.0373013214344412,0.00278713718483447,0.0479463767989364,-0.00188759160588213,0.04349139016956,0.0040575861703032,0.0587533142729608,-0.00899364069658587,0.0372397312634899,0.0027868313921861,0.0478563207933101,-0.00379933471472277
"127","NN5_MSE","g1",1,0.01,0.0441374903319976,0.00410572979878279,0.0594323462602449,-0.0571891191847925,0.0372306271644946,0.00278463735482139,0.0479322287096826,-0.0499700533113843,0.0436417477967272,0.00406531493964643,0.0588885525209399,-0.024473251078016,0.0370918549009942,0.00276802559815684,0.0477320398537145,-0.029622364088382
"128","NN5_MSE","g1",1,0.1,0.0435974258407227,0.0040580113681137,0.0588295132290907,-0.00940974355078092,0.0370263534551269,0.0027669346799437,0.0477285153879419,-0.0321896800879125,0.0434934031693616,0.00404594434693782,0.058697485087717,-0.0127676686493501,0.0370371736550214,0.00276189671209184,0.0476761119447041,-0.0276593699330325
"129","NN5_MSE","g1",1,1,0.0437318994753371,0.00406739049105988,0.0589708760161905,-0.0144183219158564,0.0373642180665603,0.00279492699345991,0.0480365182963207,-0.0104951746067972,0.0435200189029861,0.00404257794154485,0.0587353637201491,-0.0156976162504057,0.0372556731428774,0.00278576485322328,0.0479041973871754,-0.0102816749102515
"130","NN5_MSE","g2",1,0.01,0.0433362893056934,0.00403631457502042,0.0585222448801979,-0.00677469830722908,0.036930934895209,0.0027474221487121,0.0474919422653595,-0.0170016680566158,0.0436417477967272,0.00406531493964643,0.0588885525209399,-0.024473251078016,0.0370918549009942,0.00276802559815684,0.0477320398537145,-0.029622364088382
"131","NN5_MSE","g2",1,0.1,0.0435487080523041,0.00404571550390687,0.0587030436496598,-0.0217538780612654,0.0371758463378614,0.0027622510442006,0.0477370277877442,-0.0394362276527848,0.0434934031693616,0.00404594434693782,0.058697485087717,-0.0127676686493501,0.0370371736550214,0.00276189671209184,0.0476761119447041,-0.0276593699330325
"132","NN5_MSE","g2",1,1,0.043297609350103,0.00402060660012377,0.0584633890807855,-0.0105667058873554,0.0369277364795593,0.00275523220741274,0.0475025747801544,-0.00537617620192941,0.0435200189029861,0.00404257794154485,0.0587353637201491,-0.0156976162504057,0.0372556731428774,0.00278576485322328,0.0479041973871754,-0.0102816749102515
"133","NN5_MSE","g3",1,0.01,0.0434514637524905,0.00405390044513608,0.058711066422377,-0.00945593574202629,0.037114002643279,0.00277201729093701,0.0477719485861014,-0.0218953708971459,0.0436417477967272,0.00406531493964643,0.0588885525209399,-0.024473251078016,0.0370918549009942,0.00276802559815684,0.0477320398537145,-0.029622364088382
"134","NN5_MSE","g3",1,0.1,0.0433340756150579,0.00403410616879289,0.0585598983844006,-0.00713938433600399,0.036909321172076,0.0027565044121312,0.0475627926584263,-0.0113522020584001,0.0434934031693616,0.00404594434693782,0.058697485087717,-0.0127676686493501,0.0370371736550214,0.00276189671209184,0.0476761119447041,-0.0276593699330325
"135","NN5_MSE","g3",1,1,0.0435305478835182,0.00403973673345091,0.0587718260634714,-0.0221078209480054,0.0374750648825126,0.00280713535879719,0.0481734990850511,-0.0149736739220278,0.0435200189029861,0.00404257794154485,0.0587353637201491,-0.0156976162504057,0.0372556731428774,0.00278576485322328,0.0479041973871754,-0.0102816749102515
"136","NN5_MAE","g1",1,0.01,0.0422614531022704,0.00395016556266511,0.0575954426536926,0.0565137962521957,0.0358879991420874,0.00266932968871565,0.0463534293376256,0.0585791595521402,0.0428708289936186,0.00399605452124326,0.0581267728929047,0.0196229931375426,0.0364695112605042,0.00271480314743637,0.0470066654117626,0.0181922051639018
"137","NN5_MAE","g1",1,0.1,0.0424324087420893,0.0039559442239555,0.0577291302779089,0.0451351928554449,0.0360381112004965,0.00268033047750488,0.0465189585223761,0.0509764225901897,0.0428133064077003,0.00398485020478956,0.0580449015291109,0.0206067565407836,0.0364225024518301,0.00270598791501753,0.0469351434943129,0.0214111889420836
"138","NN5_MAE","g1",1,1,0.0435343834760072,0.00407215415182835,0.0588919520167081,-0.0036575222111968,0.0372848591792364,0.00279398072789991,0.0479516923950038,0.0025412350762931,0.0434388538647786,0.0040479867325692,0.0586962375737234,-0.00741056923222194,0.0371718720080767,0.00277813269785204,0.0478030191578405,-0.00253848267396837
"139","NN5_MAE","g2",1,0.01,0.0432631078921757,0.00402306486213321,0.0584342306079258,-0.00402740852022919,0.03683538746041,0.00273797317157267,0.0473557180249131,-0.00864550528011799,0.0428708289936186,0.00399605452124326,0.0581267728929047,0.0196229931375426,0.0364695112605042,0.00271480314743637,0.0470066654117626,0.0181922051639018
"140","NN5_MAE","g2",1,0.1,0.0432034614655195,0.00401474022854473,0.0583543845096095,-0.00157766608775348,0.0367450560505291,0.00272731328910216,0.0472544078812315,-0.00493489725386706,0.0428133064077003,0.00398485020478956,0.0580449015291109,0.0206067565407836,0.0364225024518301,0.00270598791501753,0.0469351434943129,0.0214111889420836
"141","NN5_MAE","g2",1,1,0.0433447876196333,0.00403113809082955,0.0585409356033475,-0.010144247500322,0.037038247009114,0.00276516666437312,0.0476221364037073,-0.0127290132413416,0.0434388538647786,0.0040479867325692,0.0586962375737234,-0.00741056923222194,0.0371718720080767,0.00277813269785204,0.0478030191578405,-0.00253848267396837
"142","NN5_MAE","g3",1,0.01,0.0430879259864097,0.00401493313893146,0.0583506454170956,0.00638259168066144,0.0366851471790151,0.0027371065820208,0.047310848872749,0.00464296121968302,0.0428708289936186,0.00399605452124326,0.0581267728929047,0.0196229931375426,0.0364695112605042,0.00271480314743637,0.0470066654117626,0.0181922051639018
"143","NN5_MAE","g3",1,0.1,0.042804049015492,0.00398386616186844,0.0580511897998141,0.0182627428546595,0.0364843401044647,0.00271031997844556,0.0470320640793311,0.0181920414899282,0.0428133064077003,0.00398485020478956,0.0580449015291109,0.0206067565407836,0.0364225024518301,0.00270598791501753,0.0469351434943129,0.0214111889420836
"144","NN5_MAE","g3",1,1,0.0434373904986954,0.0040406679550497,0.0586558251011146,-0.00842993798514699,0.0371925098358797,0.00277525070128308,0.0478352286748104,0.00257233014314341,0.0434388538647786,0.0040479867325692,0.0586962375737234,-0.00741056923222194,0.0371718720080767,0.00277813269785204,0.0478030191578405,-0.00253848267396837
"145","LSTM_MSE","g1",1,0.01,0.043941434969234,0.00410496753632018,0.0592062647139881,-0.026503386869807,0.0372962647150502,0.00279818892115112,0.0479845910895645,-0.0432885762146545,0.0438540038731468,0.00409058569383767,0.0590990066613419,-0.0299795945189233,0.037371338054029,0.00279751232924865,0.0480774170617549,-0.050189686510525
"146","LSTM_MSE","g1",1,0.1,0.0439430389239756,0.00410214415863218,0.0591810050651753,-0.0254298688968958,0.0372369400304545,0.00279460006571009,0.0478996417487387,-0.0319549792713904,0.0437515685082246,0.0040776063642408,0.0589628296704645,-0.0249539850567619,0.03718985086488,0.00278219098861347,0.0478432043598028,-0.0335344347402493
"147","LSTM_MSE","g1",1,1,0.0440744677203377,0.00409688887988345,0.0593047067996753,-0.0352462753607148,0.0381281598907698,0.00285062042784582,0.0489226522162841,-0.0820265854891208,0.0438133894276346,0.0040725516055946,0.0590085952854303,-0.0283938137762352,0.0377635367087659,0.00282422389806466,0.0485069941761131,-0.0568665240922782
"148","LSTM_MSE","g2",1,0.01,0.0437399862341039,0.00407086070419321,0.0589136392627153,-0.0290703380603822,0.0372268221919397,0.00277635873228549,0.0478906229254705,-0.0447640381445055,0.0438540038731468,0.00409058569383767,0.0590990066613419,-0.0299795945189233,0.037371338054029,0.00279751232924865,0.0480774170617549,-0.050189686510525
"149","LSTM_MSE","g2",1,0.1,0.0436604679532748,0.00406346249064233,0.058845101650593,-0.0278035672761909,0.0371342436353935,0.00276744285968256,0.04775187256586,-0.0382547398666709,0.0437515685082246,0.0040776063642408,0.0589628296704645,-0.0249539850567619,0.03718985086488,0.00278219098861347,0.0478432043598028,-0.0335344347402493
"150","LSTM_MSE","g2",1,1,0.0436209767908711,0.00405886378992809,0.0587769103861886,-0.0230042384347629,0.0373821231901572,0.00279207263229392,0.0480355038648721,-0.0442426087490959,0.0438133894276346,0.0040725516055946,0.0590085952854303,-0.0283938137762352,0.0377635367087659,0.00282422389806466,0.0485069941761131,-0.0568665240922782
"151","LSTM_MSE","g3",1,0.01,0.0438805904161026,0.00409592884099962,0.0591771160073224,-0.0343650586265807,0.0375909272550972,0.00281798933430934,0.0483570371702298,-0.0625164451724148,0.0438540038731468,0.00409058569383767,0.0590990066613419,-0.0299795945189233,0.037371338054029,0.00279751232924865,0.0480774170617549,-0.050189686510525
"152","LSTM_MSE","g3",1,0.1,0.0436511986474234,0.00406721244344788,0.0588623822956252,-0.0216285189971989,0.037198368928792,0.00278453004044775,0.0478780987648098,-0.0303935850826867,0.0437515685082246,0.0040776063642408,0.0589628296704645,-0.0249539850567619,0.03718985086488,0.00278219098861347,0.0478432043598028,-0.0335344347402493
"153","LSTM_MSE","g3",1,1,0.043744723771695,0.00406190214697225,0.0589441686704269,-0.0269309275332281,0.0377803270453708,0.00282997863405424,0.0485628264471832,-0.0443303780386178,0.0438133894276346,0.0040725516055946,0.0590085952854303,-0.0283938137762352,0.0377635367087659,0.00282422389806466,0.0485069941761131,-0.0568665240922782
"154","LSTM_MAE","g1",1,0.01,0.0440241599876371,0.00411492164453262,0.0592780090764331,-0.0285721904190405,0.0374310125211803,0.00280457011998765,0.048111417900347,-0.0564056397254476,0.0438784857658038,0.00409224693782608,0.0591199490162714,-0.0311794975796952,0.0374650648514626,0.00280051893112915,0.0481610596530481,-0.0585640057986778
"155","LSTM_MAE","g1",1,0.1,0.0440247552876394,0.0041043243401038,0.0592446661403122,-0.0294920747680556,0.0374461307620914,0.00280356970171568,0.0481901888080507,-0.0629523199765414,0.0437719881881796,0.00407872924732588,0.0589779341457178,-0.0259109254665894,0.0372682765966003,0.00278817296133942,0.0479526172264521,-0.0429387228334315
"156","LSTM_MAE","g1",1,1,0.0440400633320371,0.00409004699277542,0.0593086648203385,-0.040646271929141,0.0380265659800433,0.00284556658332176,0.0487920023061461,-0.0614833199402439,0.0438064354388262,0.00407085498192849,0.0590129969121536,-0.0298689176397414,0.0377284271065395,0.00282032407651485,0.0484578133296979,-0.0509575841928774
"157","LSTM_MAE","g2",1,0.01,0.0437518625591831,0.00407010439715965,0.0589289702186599,-0.0302183753985049,0.0373372093982015,0.00278013229830104,0.0479777208170393,-0.0518536857197128,0.0438784857658038,0.00409224693782608,0.0591199490162714,-0.0311794975796952,0.0374650648514626,0.00280051893112915,0.0481610596530481,-0.0585640057986778
"158","LSTM_MAE","g2",1,0.1,0.0436151479922083,0.0040604309032811,0.0587911246351159,-0.0239241772775633,0.0371178266629686,0.00276788091153691,0.0477232200211159,-0.0325442201001978,0.0437719881881796,0.00407872924732588,0.0589779341457178,-0.0259109254665894,0.0372682765966003,0.00278817296133942,0.0479526172264521,-0.0429387228334315
"159","LSTM_MAE","g2",1,1,0.043654829843405,0.00405984839058023,0.0588034329811027,-0.0244856013495714,0.03741523120992,0.00279022719659283,0.0480358247537239,-0.0455057347918031,0.0438064354388262,0.00407085498192849,0.0590129969121536,-0.0298689176397414,0.0377284271065395,0.00282032407651485,0.0484578133296979,-0.0509575841928774
"160","LSTM_MAE","g3",1,0.01,0.0438594347505913,0.00409171477178599,0.0591528677537211,-0.0347479269215401,0.0376269726350059,0.00281685437509877,0.0483940402417579,-0.067432691950873,0.0438784857658038,0.00409224693782608,0.0591199490162714,-0.0311794975796952,0.0374650648514626,0.00280051893112915,0.0481610596530481,-0.0585640057986778
"161","LSTM_MAE","g3",1,0.1,0.0436760612846911,0.00407143249859274,0.0588980116617252,-0.0243165243541492,0.037240872364741,0.00279306827076567,0.0479444428501896,-0.0333196284235554,0.0437719881881796,0.00407872924732588,0.0589779341457178,-0.0259109254665894,0.0372682765966003,0.00278817296133942,0.0479526172264521,-0.0429387228334315
"162","LSTM_MAE","g3",1,1,0.0437244131410363,0.00406266956242982,0.0589268929350195,-0.0244748796405119,0.0377434841296554,0.00282517844962997,0.0485456129292236,-0.0458836978465853,0.0438064354388262,0.00407085498192849,0.0590129969121536,-0.0298689176397414,0.0377284271065395,0.00282032407651485,0.0484578133296979,-0.0509575841928774
"163","FFORMA_MSE","g1",1,0.01,0.0448428520268158,0.00420406802731243,0.0601628879185201,-0.0735722176350565,0.0382766702773869,0.00288198341691397,0.049170005685451,-0.132671668897329,0.0460164903883267,0.00432543898313618,0.061359517902718,-0.155592509575794,0.0397340726530117,0.00302737769689364,0.0508656553312206,-0.255402339050635
"164","FFORMA_MSE","g1",1,0.1,0.0448793756923217,0.0042014706950254,0.0601806845274122,-0.0766936504468758,0.03835805592908,0.00289473808250502,0.0493457402602356,-0.140765160187991,0.0460427824603394,0.00432171080003893,0.0613395062287913,-0.158158235939672,0.0397202304751154,0.00302579817320411,0.0508682514183172,-0.258272456389295
"165","FFORMA_MSE","g1",1,1,0.0448529429618562,0.00419201968845186,0.0601652846190475,-0.0748905000844599,0.0388746973099567,0.00296472442410351,0.0499730341168116,-0.131239180078236,0.0460528358413544,0.00431614578844926,0.0613496940073095,-0.156917985151195,0.040231892983118,0.00308968686534595,0.0514668415990333,-0.256061111222279
"166","FFORMA_MSE","g2",1,0.01,0.0447488154051598,0.00418458905608623,0.0600403965209442,-0.0880945381952911,0.0384599945649684,0.00288934659852259,0.0493704032781842,-0.147390200873925,0.0460164903883267,0.00432543898313618,0.061359517902718,-0.155592509575794,0.0397340726530117,0.00302737769689364,0.0508656553312206,-0.255402339050635
"167","FFORMA_MSE","g2",1,0.1,0.0447545886046198,0.00417985162816358,0.0599978440150441,-0.0874674570937348,0.0384794994893898,0.00289122804521918,0.0494133334624414,-0.160061597499592,0.0460427824603394,0.00432171080003893,0.0613395062287913,-0.158158235939672,0.0397202304751154,0.00302579817320411,0.0508682514183172,-0.258272456389295
"168","FFORMA_MSE","g2",1,1,0.0447633869112163,0.00417281508066752,0.0599874983677996,-0.0889175759683224,0.0388079586675724,0.00293306593257179,0.0497955970054827,-0.165990012874901,0.0460528358413544,0.00431614578844926,0.0613496940073095,-0.156917985151195,0.040231892983118,0.00308968686534595,0.0514668415990333,-0.256061111222279
"169","FFORMA_MSE","g3",1,0.01,0.0484578037330044,0.00458765986600988,0.0638752692686898,-0.305110772897035,0.0424655531166797,0.00331080307524435,0.0540565570300267,-0.486145147380651,0.0460164903883267,0.00432543898313618,0.061359517902718,-0.155592509575794,0.0397340726530117,0.00302737769689364,0.0508656553312206,-0.255402339050635
"170","FFORMA_MSE","g3",1,0.1,0.0484943830840767,0.00458381007692781,0.0638399901439176,-0.310313600278406,0.0423231360068764,0.00329142839188812,0.0538456805322747,-0.473990611480303,0.0460427824603394,0.00432171080003893,0.0613395062287913,-0.158158235939672,0.0397202304751154,0.00302579817320411,0.0508682514183172,-0.258272456389295
"171","FFORMA_MSE","g3",1,1,0.0485421776509906,0.0045836025962284,0.0638962990350815,-0.306945879400803,0.0430130229718249,0.00337127023936256,0.0546318936748057,-0.470954140713699,0.0460528358413544,0.00431614578844926,0.0613496940073095,-0.156917985151195,0.040231892983118,0.00308968686534595,0.0514668415990333,-0.256061111222279
"172","FFORMA_MAE","g1",1,0.01,0.0449205194681938,0.00421426164859664,0.0602670950782452,-0.0798715480004423,0.0387548272519523,0.00293874867347103,0.0498488071948564,-0.179748327588184,0.046082691921658,0.00433194067109661,0.0614374731701438,-0.160921983928547,0.0401637792718368,0.00307388347415341,0.0514121489588984,-0.293917164266407
"173","FFORMA_MAE","g1",1,0.1,0.0450070073591179,0.00423027262815311,0.0603883670372857,-0.0859227514170197,0.0389359216555325,0.00295107106691685,0.0500735115468072,-0.192793036839181,0.0461985117087731,0.00434555418970706,0.0615434851476894,-0.171027640261025,0.0402761373756589,0.00310081875499473,0.0516913196183378,-0.318387372718932
"174","FFORMA_MAE","g1",1,1,0.0449701398230984,0.00420241600032204,0.0602803996062448,-0.0828789809582813,0.0392468114665502,0.00297214564979297,0.0502897348357427,-0.163655877437819,0.0461800117511846,0.00433149127884388,0.0614933709137503,-0.165492103019569,0.0407810604190837,0.00313879373613702,0.0521051681587891,-0.30045191993977
"175","FFORMA_MAE","g2",1,0.01,0.0448342177607346,0.00418988811816259,0.0601339134440441,-0.0963863137369408,0.0387472395343297,0.00291782997362689,0.0497232691057427,-0.174093790307649,0.046082691921658,0.00433194067109661,0.0614374731701438,-0.160921983928547,0.0401637792718368,0.00307388347415341,0.0514121489588984,-0.293917164266407
"176","FFORMA_MAE","g2",1,0.1,0.0449347835991693,0.00419823065470159,0.0602080486639844,-0.102444233279028,0.0387959247283328,0.00294568301601738,0.0498591825125982,-0.175993911060305,0.0461985117087731,0.00434555418970706,0.0615434851476894,-0.171027640261025,0.0402761373756589,0.00310081875499473,0.0516913196183378,-0.318387372718932
"177","FFORMA_MAE","g2",1,1,0.0448672605653019,0.00418731381321984,0.0600925116599875,-0.0930931116747999,0.0393873248955293,0.00299595228175444,0.0505612565336175,-0.211618595966739,0.0461800117511846,0.00433149127884388,0.0614933709137503,-0.165492103019569,0.0407810604190837,0.00313879373613702,0.0521051681587891,-0.30045191993977
"178","FFORMA_MAE","g3",1,0.01,0.0484933385360456,0.00459167224653062,0.0639114109881422,-0.306508090048258,0.0429892710292284,0.00336507177536231,0.0546643705760962,-0.527909374903388,0.046082691921658,0.00433194067109661,0.0614374731701438,-0.160921983928547,0.0401637792718368,0.00307388347415341,0.0514121489588984,-0.293917164266407
"179","FFORMA_MAE","g3",1,0.1,0.048653744168032,0.00460815928626648,0.0640340397417983,-0.324715936087029,0.0430965657431113,0.00340570218204996,0.055141264795608,-0.58637517025731,0.0461985117087731,0.00434555418970706,0.0615434851476894,-0.171027640261025,0.0402761373756589,0.00310081875499473,0.0516913196183378,-0.318387372718932
"180","FFORMA_MAE","g3",1,1,0.0487026348651535,0.00460474402298976,0.0641072014750185,-0.320504216425625,0.0437090448951716,0.00344828327686366,0.0554645131070073,-0.526081286414752,0.0461800117511846,0.00433149127884388,0.0614933709137503,-0.165492103019569,0.0407810604190837,0.00313879373613702,0.0521051681587891,-0.30045191993977
"181","DeepAR","g1",1,0.01,0,0,0,0,0.0382992685923461,0.00289998043265364,0.0493076961161123,-0.128929539990584,0,0,0,0,0.0387262032095224,0.0029427291952488,0.0497657997542997,-0.155476068529477
"182","DeepAR","g1",1,0.1,0,0,0,0,0.0388318341865843,0.00293529044796351,0.049856934054638,-0.181663308284791,0,0,0,0,0.0388144584044544,0.00294433764099728,0.049837617931517,-0.168032029924008
"183","DeepAR","g1",1,1,0,0,0,0,0.0405348456012877,0.0031590293559697,0.0517517479944924,-0.239141692464471,0,0,0,0,0.0396712339841723,0.00305123150434288,0.0508040392098096,-0.188511624205581
"184","DeepAR","g2",1,0.01,0,0,0,0,0.0384894932385351,0.00291212890592861,0.0493859313031264,-0.13251831715917,0,0,0,0,0.0387262032095224,0.0029427291952488,0.0497657997542997,-0.155476068529477
"185","DeepAR","g2",1,0.1,0,0,0,0,0.0384345322494962,0.00290450750028124,0.0493118109811844,-0.131874446242865,0,0,0,0,0.0388144584044544,0.00294433764099728,0.049837617931517,-0.168032029924008
"186","DeepAR","g2",1,1,0,0,0,0,0.0387870443286573,0.00295243600164822,0.0497824394034563,-0.14402854606999,0,0,0,0,0.0396712339841723,0.00305123150434288,0.0508040392098096,-0.188511624205581
"187","DeepAR","g3",1,0.01,0,0,0,0,0.0393898477976858,0.00301607824716416,0.0506037718436604,-0.204980348438679,0,0,0,0,0.0387262032095224,0.0029427291952488,0.0497657997542997,-0.155476068529477
"188","DeepAR","g3",1,0.1,0,0,0,0,0.0391770087772826,0.0029932149747471,0.0503441087587286,-0.19055833524437,0,0,0,0,0.0388144584044544,0.00294433764099728,0.049837617931517,-0.168032029924008
"189","DeepAR","g3",1,1,0,0,0,0,0.0396918120225719,0.00304222915541072,0.0508779302314802,-0.182364634082283,0,0,0,0,0.0396712339841723,0.00305123150434288,0.0508040392098096,-0.188511624205581
