"","model","dgp_spec","sample","SV","cross_corr","train_MAE","train_MSE","train_RMSE","train_RSquare","validation_MAE","validation_MSE","validation_RMSE","validation_RSquare","test_MAE","test_MSE","test_RMSE","test_RSquare"
"1","LM_MSE","g1",1,0,0,0.0535741813578436,0.00480675682758819,0.069319936422803,0.109440947108492,0.0586044806000348,0.00574041457156532,0.0757120042904609,-0.0534118913585096,0.0581184421725847,0.00560161787576316,0.0745537115519538,-0.0248824652478791
"2","LM_MSE","g1",1,1,0.01,0.0419984946044219,0.00356811606015558,0.0574929008985675,0.107242672766919,0.0599777303118037,0.00884883151707124,0.0809257966321454,-1.9751163190862e-06,0.0404024175415825,0.00362427316882848,0.0527143485642566,-0.0705617717785302
"3","LM_MSE","g1",1,1,0.1,0.0420084246290558,0.00356721191721597,0.0574849423954572,0.108183727028766,0.0601917382623727,0.00886725490816897,0.0811062687318372,-0.00935430357206985,0.040604662224757,0.00364229681281524,0.0529418833031756,-0.0733045921465044
"4","LM_MSE","g1",1,1,1,0.041964142012176,0.00356675847128695,0.0574784573868826,0.111376296316467,0.0668323448394438,0.00987886056607949,0.0882981804181303,-0.315336213344123,0.0491211033596662,0.00486764674438685,0.0631349656897362,-0.727882285849784
"5","LM_MSE","g1",2,0,0,0.0536845718979894,0.0048277891272825,0.0694714746508752,0.102992404650697,0.0578171292156101,0.00558550635764831,0.0746796048094589,-0.0161343889238257,0.0578746165960017,0.00564978942305611,0.0749197753033055,-0.110632850224062
"6","LM_MSE","g1",2,1,0.01,0.04511847086207,0.00436854334489872,0.0630961081196367,0.0932955202273184,0.0543127720655422,0.00750948823881472,0.0734967118951089,0.00867472707992679,0.0511773750839715,0.00580658941760132,0.0655790094205473,-0.0302405630557354
"7","LM_MSE","g1",2,1,0.1,0.0451168436796407,0.00436976954122962,0.063099903694911,0.0930868880780705,0.054531749737269,0.00752906006603223,0.0736889306544328,-0.00145578620973703,0.0515341455557688,0.00583843995893885,0.0659846959029156,-0.0496978762687997
"8","LM_MSE","g1",2,1,1,0.0450498567841267,0.00436984147231008,0.0630972491956869,0.0928716748654933,0.0610553759784072,0.00853371594602891,0.0811263414200154,-0.347538460497437,0.0617945736106178,0.00788533966241824,0.0784874371819479,-0.638642127241589
"9","LM_MSE","g1",3,0,0,0.0538912882829113,0.00486273975169345,0.0697240067022215,0.0965316724104077,0.0572410021079057,0.00549290067029441,0.0740868643640767,-0.0106115414075289,0.056116829405038,0.00525938412582818,0.0724439512444886,-0.0442375861660413
"10","LM_MSE","g1",3,1,0.01,0.0463530246330662,0.00471942863093606,0.0649514958455725,0.0859983061794578,0.0522716714896188,0.0070193882144614,0.0731333530452115,0.0358731213976189,0.0561180794667246,0.00683603513658699,0.0722129334576879,-0.0803480408648974
"11","LM_MSE","g1",3,1,0.1,0.0463444114366269,0.00471944117857104,0.0649454184964767,0.0858420164885656,0.0524473222301395,0.00703147358697044,0.073259579973315,0.0298886640685449,0.0561266432124025,0.00684610802633385,0.0723390305514865,-0.089019589622842
"12","LM_MSE","g1",3,1,1,0.0462917631451881,0.00471894089801795,0.0649408550103546,0.0852600124647431,0.0572491083602205,0.00777969424348466,0.0782951664401622,-0.152945559959772,0.0623397705003454,0.00797889512380283,0.0798555559348624,-0.497343241766087
"13","LM_MSE","g2",1,0,0,0.0543327403804652,0.00493400731560823,0.0702308156342501,0.0706634800979346,0.0599789150716919,0.00599138706448517,0.0773420573025025,-0.111806827623344,0.0593418670681823,0.00581108721755547,0.0759375776566233,-0.133487744747921
"14","LM_MSE","g2",1,1,0.01,0.0428116134790107,0.00365223214788857,0.0582893954555345,0.0527732727678495,0.0611651640876216,0.0089832693208055,0.0820624834835605,-0.0547325537295009,0.0423175416090459,0.00384171651468512,0.055132093002332,-0.211162736169865
"15","LM_MSE","g2",1,1,0.1,0.0428184389615017,0.00365102855986988,0.0582779415082089,0.0536742294124135,0.0613428072243141,0.00899981829131168,0.0822049091940175,-0.0607630116503373,0.042611200558745,0.00385649165084628,0.0553494406895645,-0.226170510024075
"16","LM_MSE","g2",1,1,1,0.0426685712028156,0.0036357830543248,0.058141061546955,0.0602220767221135,0.0683740197711972,0.010167053439211,0.0900362336856776,-0.388041528532874,0.0523750517653643,0.00536964564644027,0.0675542288486432,-1.17495813687198
"17","LM_MSE","g2",2,0,0,0.0544176915592994,0.00495245294533079,0.0703622653999883,0.0638213973386694,0.0595388038569764,0.00589399202541212,0.0766810359116181,-0.0941765266637635,0.0591430136706648,0.00589251245541097,0.0764806759340439,-0.192639235616493
"18","LM_MSE","g2",2,1,0.01,0.0459065296755685,0.00445251111374221,0.0638253324428341,0.0465051515505632,0.0557714204151219,0.00766736450998786,0.0749943549214062,-0.0748367142390661,0.0525688474663264,0.00597286485093426,0.0672066742326576,-0.125412593814942
"19","LM_MSE","g2",2,1,0.1,0.0458967567803549,0.00445356697043243,0.0638254408991986,0.0472823275829658,0.0559706757243965,0.00768246562380302,0.0751166716283755,-0.0823439170334109,0.053000989381427,0.00602896063822191,0.0677312275805829,-0.15571049557687
"20","LM_MSE","g2",2,1,1,0.0457234845955708,0.00443729767211971,0.0636863177980204,0.0525906359553321,0.0628226057039614,0.00880861030957292,0.0831507665834095,-0.480351590371335,0.0648894429841481,0.00879650303042906,0.0826828329347104,-0.949158755715595
"21","LM_MSE","g2",3,0,0,0.0546557618555812,0.00499246648317036,0.070647118432397,0.0583365586676852,0.0587203573190773,0.00574761254592695,0.0757587142137378,-0.0834745813440588,0.057898135522119,0.00554829895917724,0.0743771486239052,-0.137150668624911
"22","LM_MSE","g2",3,1,0.01,0.0471448641997904,0.00480437886559344,0.0656691079462162,0.0427286060679691,0.053644947785634,0.00716446899881089,0.0744669748200584,-0.0349706539161602,0.0569651811917466,0.00695968194918526,0.0732072786723492,-0.142081871965787
"23","LM_MSE","g2",3,1,0.1,0.0471311858394521,0.00480376041611228,0.0656566107221687,0.0438194683765,0.0538285875229217,0.00717695173228522,0.0745820733940581,-0.041939456841995,0.0571075424875307,0.00699494404057316,0.0735091445627237,-0.15870242162289
"24","LM_MSE","g2",3,1,1,0.0469660576550656,0.00478806213975,0.0655284005821571,0.0482743704682799,0.0590795916807565,0.00805782747806478,0.0803068618133197,-0.270975567872817,0.0639311019776719,0.00832056699899355,0.0816741154909667,-0.617503202577452
"25","LM_MSE","g3",1,0,0,0.0541263160499356,0.00489271922569092,0.0699379372427598,0.0710937754163412,0.0591261245907193,0.00583800283631085,0.0763559706596785,-0.0794555369302571,0.0587561421265023,0.00572337600781403,0.0753570491425291,-0.0381518013460503
"26","LM_MSE","g3",1,1,0.01,0.0425183192974072,0.0036184943546564,0.0579802342862427,0.0682025409279241,0.0604479170964947,0.00890494519813344,0.0813929676168572,-0.0243879741352421,0.0410085355764621,0.00368119233606497,0.0534594992504804,-0.112708503646369
"27","LM_MSE","g3",1,1,0.1,0.0425170478857361,0.00361611262286813,0.0579556683777712,0.0690718357353717,0.0606662362225658,0.00892534473932561,0.0815776197999755,-0.0344895388475889,0.0411164980411104,0.00369056913392412,0.0535851242707951,-0.11628340909125
"28","LM_MSE","g3",1,1,1,0.0424512479909928,0.00361578607481029,0.0579461285049642,0.0766435670682079,0.0675919115611216,0.0100117098721318,0.0890954583061482,-0.35032454395446,0.0494459723891685,0.00492203985878481,0.0636230393750448,-0.774478099124851
"29","LM_MSE","g3",2,0,0,0.0542379757180501,0.00491704089959039,0.070111596474536,0.0667582099783001,0.0583390823971923,0.00568040692621358,0.0753119469870781,-0.0402488951696285,0.0585886958389145,0.00577660417979861,0.0757483834132028,-0.134434082547606
"30","LM_MSE","g3",2,1,0.01,0.0456151042906263,0.00441873660468359,0.0635471396699081,0.0596527067016035,0.0548395897577447,0.00756665490308021,0.0740413226654393,-0.0255597858257758,0.0518349490691603,0.00589092707768889,0.0664074730884322,-0.0671386105610089
"31","LM_MSE","g3",2,1,0.1,0.0456017621483932,0.00441865293914357,0.0635366943300955,0.0593162175902515,0.055034874193966,0.00758702514935449,0.0742292227113956,-0.0371280247361407,0.0520950859883831,0.00589925332071749,0.0666766295945166,-0.0880857582941598
"32","LM_MSE","g3",2,1,1,0.0455240618395272,0.00441713800186573,0.0635165143334596,0.0632539003365462,0.0620253901653258,0.00867558618344704,0.0822329992401509,-0.427898611603886,0.0616524500140239,0.00770417406938936,0.0783905076421351,-0.680603104591244
"33","LM_MSE","g3",3,0,0,0.0544289473814736,0.00495124320140509,0.0703561730419597,0.063225584575878,0.0577713518130111,0.00558637474389605,0.0747172782989483,-0.0356012563177863,0.0565758145362036,0.00534218656035661,0.0730115768647625,-0.0689334857788257
"34","LM_MSE","g3",3,1,0.01,0.0468485870109422,0.00477092641095625,0.0654010742033248,0.0550223027524566,0.0528323120642674,0.00707591886800739,0.0736926752267638,0.00467898421395118,0.0564893431975747,0.00688979331916844,0.0726762247204513,-0.10902586397532
"35","LM_MSE","g3",3,1,0.1,0.0468289983967187,0.00476936350836913,0.0653822175039321,0.0548346569733278,0.0530065247613104,0.00709029367254803,0.0738197437361111,-0.00321453359917432,0.056646303754751,0.00691787913115317,0.0729420237771145,-0.116046464891045
"36","LM_MSE","g3",3,1,1,0.0467607152851768,0.00476597204115295,0.0653492428890663,0.0590408455195615,0.0581143871654002,0.00789308013157405,0.0792061703718964,-0.212665763301126,0.0623490318013675,0.00789568589611589,0.0798844426387034,-0.481725177595675
"37","LM_MAE","g1",1,0,0,0.0531530200464339,0.0048778237166483,0.0698300401976726,0.0962920445396091,0.0591114362184988,0.0058325250451915,0.0763289201433404,-0.0703081692649774,0.0590804878389497,0.00576199378888279,0.0756541421479024,-0.0572926295619684
"38","LM_MAE","g1",1,1,0.01,0.0416664334785658,0.00361065014316027,0.0578367101261024,0.096470881041479,0.0599621949249026,0.00884474971690881,0.080872216621054,0.00221977718320177,0.0405094199619622,0.0036551855179799,0.0529054519052593,-0.0835074948491956
"39","LM_MAE","g1",1,1,0.1,0.0416700227162265,0.00361099620834454,0.057838739314454,0.0971129770939839,0.0601973080325052,0.00887318640460136,0.081086507585241,-0.00709890252276211,0.0403562544214831,0.00362557900650113,0.0526996429678585,-0.0621985262198925
"40","LM_MAE","g1",1,1,1,0.04164410877412,0.0036114290837022,0.0578375060508064,0.100236802977098,0.0669785306808417,0.00994621248237493,0.0885846111991866,-0.309041253332489,0.050405772692072,0.00520310085438717,0.0647497145266851,-0.795522339295623
"41","LM_MAE","g1",2,0,0,0.0533025003358819,0.00489205781457544,0.0699317114479171,0.0910695287330046,0.0582744765053433,0.00566392316430712,0.0752117701395024,-0.0310740640983271,0.0585069154843369,0.00578916891166666,0.0758019766959411,-0.137811485475773
"42","LM_MAE","g1",2,1,0.01,0.0447633534621226,0.00441737778011671,0.0634484463094073,0.08309684431448,0.0542246574137554,0.00749228106583216,0.0734338354774114,0.00707550784197843,0.051080948976303,0.00578752517347017,0.065495859629228,-0.0287113852021715
"43","LM_MAE","g1",2,1,0.1,0.0447699729475626,0.00441793908759045,0.0634474991056414,0.083040855331268,0.0544114126331374,0.00750563391502865,0.0736034048119583,-0.00286529624494843,0.0510032764475988,0.00575374652788871,0.0654105694949105,-0.0273245028178938
"44","LM_MAE","g1",2,1,1,0.0447358079844589,0.00441707160511385,0.0634364112274536,0.0831139213556042,0.0611305431481855,0.00854798025979141,0.0814211067128782,-0.365957852327244,0.0612243008889427,0.00780608607673345,0.0777844951109155,-0.606878457698602
"45","LM_MAE","g1",3,0,0,0.0535567350485784,0.00491810095903258,0.0701195659956432,0.0862639880024341,0.0575103117233223,0.00554040150183466,0.0744130350001099,-0.0198361837723362,0.0562602454248303,0.00529870951905079,0.0727123907694122,-0.0525060269048697
"46","LM_MAE","g1",3,1,0.01,0.0460252215451454,0.00476483649279688,0.0652593893417879,0.0773694425451645,0.0522418395534834,0.00702112329699973,0.0731807717653741,0.033807693417036,0.0568288148797901,0.00695935345491236,0.0730371205406241,-0.130229438046871
"47","LM_MAE","g1",3,1,0.1,0.0460261343896079,0.00476356809635955,0.0652477757072257,0.0773193053677746,0.0523412193626798,0.00702163910152131,0.0732325942070516,0.0306655328516199,0.0569266346726789,0.00698169932304067,0.0732466928322031,-0.144255195201803
"48","LM_MAE","g1",3,1,1,0.0459946785110736,0.00476557229067951,0.0652598415046751,0.076285260829231,0.0570433750867618,0.00775784747146796,0.0782553666516248,-0.149970197484263,0.0626311019058747,0.00812440315457579,0.0804466176059044,-0.554527317400529
"49","LM_MAE","g2",1,0,0,0.0539043207259187,0.00500490338447719,0.0707335641838568,0.0573191576389884,0.0603960479310829,0.00606953415589312,0.0778502310742023,-0.126460458839592,0.0601492512004033,0.00595106462663707,0.076866002078972,-0.16250111106077
"50","LM_MAE","g2",1,1,0.01,0.0424727369964365,0.00369637071823942,0.0586425295650461,0.0411802346047209,0.0612201549140963,0.00899196714241168,0.0821279066023418,-0.0574583379451157,0.0426044257695236,0.00387046621272399,0.0553693706538513,-0.229995283495399
"51","LM_MAE","g2",1,1,0.1,0.0424746418746792,0.0036955047979909,0.0586338320533011,0.0420047694701986,0.0614476791605757,0.00901527682433659,0.0823316181882972,-0.0655227513324358,0.0429566455729015,0.00388960520577903,0.0556714480735618,-0.251549447506044
"52","LM_MAE","g2",1,1,1,0.0423406784627605,0.00368163096272103,0.0585104646357667,0.0480979485706204,0.0681026465430476,0.0101706393739099,0.0898717438137974,-0.355563328845411,0.0536574458378295,0.00563495156139545,0.0687220143435089,-1.18366287370299
"53","LM_MAE","g2",2,0,0,0.0540366727360263,0.00501676691119219,0.0708173483395639,0.0516877890582355,0.0598906571409152,0.00596096536314049,0.0771218562056452,-0.107214240524538,0.0599410896787213,0.00606977950532258,0.0775945216132843,-0.229704200882671
"54","LM_MAE","g2",2,1,0.01,0.0455501057090056,0.00450311579968097,0.0641866431927738,0.0356555688560376,0.0558008565396428,0.0076614684593065,0.075048618630558,-0.080278412619554,0.052746823878694,0.00600404938481779,0.067425129590934,-0.134765104246651
"55","LM_MAE","g2",2,1,0.1,0.0455457210518794,0.00450201970019466,0.0641740848728382,0.0367317534793267,0.0559590635277891,0.00766838341015216,0.0751489668584045,-0.0900414242192062,0.0527930872728107,0.0059874862909147,0.0675151373464336,-0.149560239958842
"56","LM_MAE","g2",2,1,1,0.0454018185422611,0.00448580236648826,0.0640395036670617,0.0418668340215446,0.063018710524522,0.00881759291464729,0.0835030825918581,-0.503210703139112,0.0657271524749571,0.00896542554409573,0.0832623561167072,-1.0001962608906
"57","LM_MAE","g2",3,0,0,0.0543196420963792,0.00505066188270462,0.0710574739685873,0.0473754023760122,0.0590857539554142,0.0058171137071589,0.0762183824165081,-0.0969375011545409,0.0582796275053261,0.00563988752539716,0.074966149524181,-0.155759906579067
"58","LM_MAE","g2",3,1,0.01,0.0468153221088869,0.00485190064747299,0.065991594660476,0.0332974159598308,0.0535842244372396,0.0071532787671662,0.0744622996736952,-0.0358616699225528,0.0575358804179509,0.00705033468639607,0.0738499201802831,-0.182173689731744
"59","LM_MAE","g2",3,1,0.1,0.0468031984317882,0.00485112430056161,0.0659784870843514,0.0344106960846122,0.0538700401885993,0.00718111508202592,0.074664339246912,-0.0447114628032095,0.0578724397749183,0.00713095083919221,0.0744376848979711,-0.219402486510456
"60","LM_MAE","g2",3,1,1,0.0466651559955145,0.00483531753398723,0.0658519782903138,0.0388094245353588,0.0596171888792887,0.00816194289891945,0.0811326126069505,-0.307215089275343,0.0642730626592841,0.00851995207668302,0.0824815033892254,-0.7170207301063
"61","LM_MAE","g3",1,0,0,0.0537025916678851,0.00496399467346061,0.0704451440790704,0.0575898246614032,0.0595729832873491,0.00591833052971012,0.0768940810663073,-0.0944113880348642,0.059899007498877,0.00590682335959051,0.0765938470335087,-0.0744820084494007
"62","LM_MAE","g3",1,1,0.01,0.0421832474305608,0.00366250930977539,0.0583349503824194,0.0566531959135944,0.0603853235468499,0.00889890243331267,0.0813044289344277,-0.0201504827341754,0.0410146771173426,0.00370283833888474,0.0535669582055055,-0.120796221630919
"63","LM_MAE","g3",1,1,0.1,0.0421796828809331,0.00366121776595416,0.0583199511842416,0.0571892547131138,0.0606003144698972,0.00892177840318557,0.081497908842511,-0.0298552198530193,0.0409772036835196,0.00368244146537771,0.0534648933170934,-0.111453483290093
"64","LM_MAE","g3",1,1,1,0.0421216967761912,0.00366234962994943,0.0583215890420112,0.0645159818068874,0.0677866717641833,0.0100444222788829,0.0893967392858931,-0.361277227126848,0.0504919142924607,0.00514073268766435,0.0649886700896613,-0.831393626913409
"65","LM_MAE","g3",2,0,0,0.0538573768623061,0.00498224619296526,0.0705744109747237,0.0544158572474204,0.0588317280174258,0.00576251142612156,0.0758625195477102,-0.0559363495084034,0.059273663071084,0.00594228346637834,0.0767891362755276,-0.167913535333995
"66","LM_MAE","g3",2,1,0.01,0.0452624343411461,0.00446857060741565,0.0639025468051097,0.0491460830531982,0.0547433377026536,0.0075511734857179,0.0739784757938564,-0.0264662885524484,0.0518606841164512,0.00590571930784615,0.0665509292139667,-0.0755645733343593
"67","LM_MAE","g3",2,1,0.1,0.0452574148134103,0.00446768241720883,0.0638885730169539,0.0488518002029906,0.0548514114656364,0.00755510598928995,0.0740691732998375,-0.0351421208241431,0.051541426310075,0.00581198412354646,0.0661250302076717,-0.0672811880205075
"68","LM_MAE","g3",2,1,1,0.0451965362703241,0.00446683236608671,0.0638768307043225,0.0524838876064414,0.0621443847426972,0.0086860969904726,0.0824951792015102,-0.449874353979668,0.0614923739398585,0.00761889372682223,0.0781259151765318,-0.712812915852228
"69","LM_MAE","g3",3,0,0,0.0541000471581342,0.00500573372077702,0.070741897198489,0.0529362606008077,0.0581138653941989,0.00565259499523936,0.0751626031172929,-0.0482574675031578,0.0569438206152079,0.00541995928675043,0.0735323963364109,-0.0857821232203179
"70","LM_MAE","g3",3,1,0.01,0.0465197798030745,0.00481801444707532,0.0657184308024078,0.045954715978389,0.0528148994045038,0.00707631865272275,0.0737473441868594,0.00160176720684515,0.0572278170581965,0.00701249660001239,0.0735037382569524,-0.15924896455798
"71","LM_MAE","g3",3,1,0.1,0.0465108161173683,0.0048151143556774,0.0656946695202805,0.0457876788432513,0.0529387005167635,0.00708127547406749,0.0738265049249518,-0.00454636952410964,0.0572842694253139,0.00701907625763907,0.0736592063090507,-0.161421738424477
"72","LM_MAE","g3",3,1,1,0.0464571566808398,0.0048140691938136,0.065677451943861,0.0495760662966859,0.057782315325522,0.00787659279637794,0.0791053907399989,-0.203392423225354,0.0622373076549131,0.00794424359589209,0.0799284074620664,-0.496600182965991
"73","ELN_MSE","g1",1,0,0,0.0544394332607898,0.0049745784976147,0.0705187270496149,0.0785014316015792,0.055638295461667,0.00521695304599039,0.0722011729258681,0.0439617430615398,0.0555625436275181,0.00516565850288455,0.0716046405308336,0.055314850194698
"74","ELN_MSE","g1",1,1,0.01,0.0423393922180038,0.00364964138656008,0.0581497470664965,0.0866217494795875,0.0582669639625701,0.00863208105514151,0.0792716359517791,0.058451903106427,0.0371529993571616,0.00329671125362149,0.0489693087171883,0.135459552441241
"75","ELN_MSE","g1",1,1,0.1,0.0423398828536454,0.00364966578407099,0.0581491883648081,0.0873559680561022,0.0582676988293002,0.0086321948805193,0.0792766319256187,0.0561386864052364,0.037144624759915,0.00329687093567378,0.0489707164372319,0.143217139065015
"76","ELN_MSE","g1",1,1,1,0.0423356084132997,0.00364919579242889,0.0581500902393497,0.0901772011747387,0.0582657297434751,0.00862930248848888,0.0792648169613539,0.0539668477401763,0.0371795574034076,0.0033007515057113,0.0490158204894139,0.161202862451516
"77","ELN_MSE","g1",2,0,0,0.0543936552703622,0.00496866887546385,0.0704781499578404,0.0768657159494079,0.0557341994244706,0.00522631732232349,0.0722526281739502,0.0494096409123313,0.0541674871987796,0.00497291505104992,0.0703578179452481,0.0235467634009589
"78","ELN_MSE","g1",2,1,0.01,0.0453839375469862,0.00445563049778023,0.0637242754554162,0.0750854243766778,0.0523487576585067,0.00726763629308066,0.0715437892367299,0.0849068695145417,0.0481917218982323,0.00529960837719232,0.0620004839000793,0.100318859918511
"79","ELN_MSE","g1",2,1,0.1,0.045393329200691,0.00445852354891702,0.0637414649795119,0.0744931865777071,0.052351928547645,0.0072683096297927,0.0715472590392743,0.0837990844419833,0.0481879994723542,0.00529878376447491,0.0619870269724594,0.103611877861478
"80","ELN_MSE","g1",2,1,1,0.0453797966917625,0.00445627166693471,0.0637284597818183,0.0744017349488229,0.0523389429695726,0.00726460452642691,0.0715333300816944,0.0863474424269833,0.0482088725731043,0.00529858186092365,0.0619953734015855,0.115027566699573
"81","ELN_MSE","g1",3,0,0,0.054582123629021,0.00500066892527864,0.0707042818571334,0.0710404231253231,0.055441261814376,0.00518472869513985,0.0719722865494284,0.047048844345252,0.053953345122743,0.00487404595534594,0.0697685832720785,0.0342587443607394
"82","ELN_MSE","g1",3,1,0.01,0.0465743498718592,0.00479908484867273,0.0654935989837538,0.0707589316179965,0.0507506170461715,0.0068152100919709,0.0717227252313006,0.0827965307788178,0.0529680051541266,0.00637307634762001,0.0684668720165839,0.0742289511142719
"83","ELN_MSE","g1",3,1,0.1,0.0465830900241569,0.00480154288356497,0.0655081899692975,0.0699535105914157,0.0507490957781806,0.00681493440774182,0.0717203284959913,0.0824696457970952,0.0529427152817924,0.00637085793634363,0.0684467019650495,0.0734272889316874
"84","ELN_MSE","g1",3,1,1,0.0465698209327092,0.00479892727379249,0.0654971266757333,0.0693618083273927,0.0507367946147521,0.0068115685421864,0.0717118510073714,0.0889553019192717,0.0529704311321739,0.00637130786469032,0.068462770497331,0.0705569065384166
"85","ELN_MSE","g2",1,0,0,0.0558382567318283,0.00521673707374228,0.0722125693618255,0.0175755590434933,0.0563225475828548,0.0053217527180188,0.0729276398612773,0.0124737482551107,0.0550927151703583,0.00508743988738688,0.0710990284150025,0.00638731638052149
"86","ELN_MSE","g2",1,1,0.01,0.0433242707359124,0.00375114664391087,0.0590811863842858,0.0267921281000674,0.059276606200558,0.00873372852710873,0.0801633114253444,0.0161972661911692,0.0385969234377777,0.00341675545527214,0.0506399646496238,0.0421928747083776
"87","ELN_MSE","g2",1,1,0.1,0.0433404719714314,0.00375182909448498,0.0590837573629388,0.027273899402818,0.0592643104546205,0.00873104299377294,0.0801380226213339,0.0167681242660222,0.0386671941461131,0.00341823493289208,0.0506788404656079,0.0412769926854034
"88","ELN_MSE","g2",1,1,1,0.0432944992452907,0.00374378638106673,0.0590289018978273,0.0301530802336872,0.0592397160591918,0.00872862860852916,0.0801119676556137,0.0165573627513643,0.0389140209988052,0.00343997550964538,0.0509227210928159,0.0370794583338093
"89","ELN_MSE","g2",2,0,0,0.0557027358582428,0.00519122319096772,0.0720319587185553,0.019040052680587,0.0563151288010751,0.00531917331062823,0.072890354926219,0.0117967369127738,0.0545145147172536,0.00503607194145529,0.0707334256894506,-0.00848353372196151
"90","ELN_MSE","g2",2,1,0.01,0.0463510554322493,0.00455924407084603,0.0646014878484068,0.0228378422325434,0.0535119988568869,0.00737512932314677,0.0726408893892043,0.0253421171196255,0.0493066003473242,0.00541449403878505,0.0632910412313118,0.0253836705265703
"91","ELN_MSE","g2",2,1,0.1,0.0463620977407413,0.0045604689617063,0.0646015515647584,0.02370876674853,0.0535174159471532,0.00737205079786774,0.0726053874180978,0.0257883286003977,0.0492959242278176,0.00541398250400678,0.063242026272993,0.0278608244859301
"92","ELN_MSE","g2",2,1,1,0.0463723171367892,0.00455521445638445,0.0645675818653157,0.025062517844372,0.0535051177098675,0.00737256536585966,0.0726093706667561,0.0254988101830223,0.0493102735326734,0.00542329103644263,0.0633242087680995,0.0268594339030013
"93","ELN_MSE","g2",3,0,0,0.0558686118875927,0.00521696335984195,0.0722152764777958,0.0161446946032967,0.0558036123227247,0.00524712590014229,0.0724049190805436,0.010533737114918,0.0545026382503003,0.00495441077939619,0.070301975883719,-0.00795012259648549
"94","ELN_MSE","g2",3,1,0.01,0.04759132598927,0.00490825533723883,0.0664167501713316,0.0193677466420319,0.0519719865411749,0.00692770048766364,0.0728436366078822,0.0229987183470097,0.0540094130629945,0.00650353463443519,0.0695534294299053,0.0182351198846399
"95","ELN_MSE","g2",3,1,0.1,0.0475877677543098,0.00490712512852724,0.0664048155463819,0.0203472648401301,0.0519761431849114,0.00692511168314777,0.0728047219616086,0.0235562509446825,0.053970238863213,0.0064997095088972,0.0695248567468875,0.0186333578963406
"96","ELN_MSE","g2",3,1,1,0.047584181128028,0.00489991490784109,0.0663563600583277,0.0220845381798667,0.051958483239394,0.00692813905968939,0.0728247465618837,0.0244230576313231,0.0539565777905671,0.00649762367945295,0.069565079520515,0.0218173572416807
"97","ELN_MSE","g3",1,0,0,0.0551121814653843,0.00508309990291021,0.0712834727174931,0.0352157903373704,0.0560192510761151,0.00528786661489214,0.0726884180182663,0.0234403022532716,0.0560645144480501,0.00525871896874749,0.0722482275059015,0.0461553166295587
"98","ELN_MSE","g3",1,1,0.01,0.0428728698906627,0.00370173147150389,0.0586458284241747,0.0465898940825646,0.0587602243718881,0.00868451391807099,0.0797268128911616,0.0358474164369113,0.0378075924781886,0.00334387657565197,0.0497116959032917,0.0966978893824413
"99","ELN_MSE","g3",1,1,0.1,0.04287610112802,0.00370089314773594,0.0586338226664332,0.0470820526349238,0.0587612285966726,0.00868503260006054,0.0797172539616865,0.0337566551197949,0.0377565269291537,0.00334385953404172,0.049691988649714,0.100869251764802
"100","ELN_MSE","g3",1,1,1,0.0429469910233854,0.00371247401374444,0.0587307962657255,0.0509668435000492,0.0587832185161609,0.00868229057868735,0.079690452129538,0.0329670065095157,0.0379427057593637,0.00336330924372724,0.0498645450511946,0.118116431531573
"101","ELN_MSE","g3",2,0,0,0.0549806921650766,0.00506360129930682,0.0711485625602092,0.0390330473949472,0.0560974722966411,0.00529464832911241,0.0727211828941695,0.0306472296498181,0.0548236482135466,0.00507657374728392,0.0710784135846139,0.00740649003212192
"102","ELN_MSE","g3",2,1,0.01,0.045893018041199,0.0045064918194922,0.06417742892454,0.0408021393365591,0.0528953984384663,0.00731963077795349,0.0720728929064833,0.0538783334574948,0.0488624899337048,0.0053697625296043,0.0628117919036184,0.0656865122198994
"103","ELN_MSE","g3",2,1,0.1,0.0459054394967661,0.00450936807885142,0.0641843900097095,0.0401674058597266,0.0528974129260715,0.00732072074795354,0.0720711043463047,0.0519707981367694,0.0488000777207705,0.0053598006279901,0.062718006392243,0.0674926021048366
"104","ELN_MSE","g3",2,1,1,0.0459434831711991,0.00451479116273473,0.0642287445864765,0.0417272342198067,0.052936552430052,0.00731995534853919,0.0720721045157725,0.0560498231502606,0.0488469724183476,0.00536560558238141,0.0627296003947014,0.0725493983938513
"105","ELN_MSE","g3",3,0,0,0.0551134937868942,0.00508769177996856,0.0713178655410593,0.0374970901161752,0.0558277830432517,0.00525379550908271,0.0724491496607387,0.0270485780916177,0.0540648689288266,0.00490191886834786,0.0699737595367745,0.0217548996632534
"106","ELN_MSE","g3",3,1,0.01,0.0470788006143347,0.00485149446431846,0.0659437402334448,0.0394400661039576,0.0513311167401142,0.0068681652786248,0.0722706895210211,0.0533364303845282,0.053401982988397,0.00642453882784458,0.068935821049975,0.0496473902695432
"107","ELN_MSE","g3",3,1,0.1,0.0470883789396828,0.00485268483072631,0.0659465714272261,0.0386202555994462,0.05131682899918,0.00686784424180357,0.0722491432511941,0.0521205980659373,0.0534137701750396,0.00642917768457453,0.0689807037877233,0.051961858560898
"108","ELN_MSE","g3",3,1,1,0.0471080049732137,0.00485283247398491,0.06595506730072,0.0411642989738614,0.0513527187162433,0.00687000484666677,0.0722641336730321,0.057809244569249,0.0534439210201017,0.006426362779798,0.0690060332610625,0.0550709656593836
"109","ELN_MAE","g1",1,0,0,0.0543779539629334,0.00497532143615455,0.0705240647184668,0.0783375255550708,0.0556075325926562,0.00521365288451902,0.0721802988062819,0.0445114776741794,0.0556084279433907,0.00517362449769176,0.0716613036051154,0.0539857128320793
"110","ELN_MAE","g1",1,1,0.01,0.0423115654423573,0.00365059461123358,0.0581584631276217,0.0863227553396349,0.0582511306436419,0.00863015909390396,0.0792583673655528,0.0588803817298771,0.037146038839507,0.0032962561141974,0.0489627051801145,0.135795071055541
"111","ELN_MAE","g1",1,1,0.1,0.0423196574561376,0.00365129657598766,0.0581645932519722,0.086805797138307,0.0582501754454377,0.00862936385812175,0.0792577161569012,0.0567447552547896,0.0371313934584523,0.00329619513373184,0.0489595141963709,0.143833191489573
"112","ELN_MAE","g1",1,1,1,0.0423239032739621,0.00365292179877821,0.0581765446177183,0.0894412154021007,0.0582531209448965,0.00862881118560851,0.0792568851128978,0.0543104922179716,0.0371763445725593,0.00330041277561369,0.0490050559901679,0.161760663232178
"113","ELN_MAE","g1",2,0,0,0.0542601193530011,0.00496065141717724,0.0704210256646033,0.0783438854365276,0.0556383839145717,0.00520951505552944,0.0721389090559606,0.0523163198224814,0.0540977881910326,0.00497020124086186,0.0703272904418789,0.0244217587612645
"114","ELN_MAE","g1",2,1,0.01,0.0453733516086948,0.00446009970659778,0.0637503946833271,0.0744807963370312,0.0523344096281325,0.00726604401070692,0.0715314717398562,0.0853341249445971,0.0481697815251259,0.00529650848010548,0.0619707659208962,0.101489270002113
"115","ELN_MAE","g1",2,1,0.1,0.0453571533793577,0.0044571174299327,0.0637382970496696,0.074437975120138,0.052330474347342,0.00726616516420322,0.071530790895509,0.0843434041379339,0.0481706879015031,0.00529642207068441,0.0619672943060736,0.104297765989953
"116","ELN_MAE","g1",2,1,1,0.0453617529954054,0.00445932038732213,0.0637450405067675,0.0740381234908742,0.052332651014556,0.00726441389940643,0.0715272966854395,0.086601169321274,0.0481914764911876,0.00529794024270407,0.0619838919710049,0.115430582635022
"117","ELN_MAE","g1",3,0,0,0.0545143774640961,0.00500112682915939,0.0707072019062397,0.0709488810641244,0.0553616224919935,0.0051732503905802,0.0718941351928662,0.0490679344283791,0.0538463801205062,0.00485711969852716,0.0696382768518822,0.038109348448133
"118","ELN_MAE","g1",3,1,0.01,0.0465578061382878,0.00480280127186437,0.0655177080172473,0.0701119141644765,0.050733458166834,0.00681281970499245,0.0717101977648062,0.0831546427324558,0.0529590728887777,0.00637032308690373,0.0684403726541961,0.0751976488321436
"119","ELN_MAE","g1",3,1,0.1,0.0465599153946881,0.00480259523409522,0.0655194881626949,0.0695390868171909,0.0507328714549014,0.00681314112662202,0.0717094024482761,0.082781816195029,0.0529484565448123,0.00636970006494075,0.0684386964853108,0.0736162346060724
"120","ELN_MAE","g1",3,1,1,0.0465650986135119,0.00480393413185209,0.0655256200574796,0.0686754935465064,0.0507306843959307,0.00681095867963663,0.0717059015152305,0.089118121085581,0.0529619938177884,0.00637062939681919,0.0684507692712487,0.0711250443919323
"121","ELN_MAE","g2",1,0,0,0.0557946703832305,0.00521111461370804,0.0721730699486981,0.0186631809804565,0.05630967232577,0.00532164477159742,0.0729272381301863,0.012474105516072,0.0550370071084063,0.00507878141104192,0.0710417008852998,0.00786603034417821
"122","ELN_MAE","g2",1,1,0.01,0.0432316110702239,0.00374495964378858,0.0590342188706387,0.0282229484749579,0.0592571151592405,0.00873233833834876,0.0801472243666539,0.0168894880779841,0.0385841732046519,0.00341835749346455,0.0506333435996278,0.0434905287244998
"123","ELN_MAE","g2",1,1,0.1,0.0432656393433994,0.00374726902391602,0.05904964463988,0.0282936880953162,0.0592525772980214,0.00873033346426991,0.0801293885943091,0.0171778266305197,0.0386484319981652,0.00341898786871234,0.0506617649495766,0.043174434276035
"124","ELN_MAE","g2",1,1,1,0.0433194110773124,0.00375102437439755,0.0590797440047054,0.0287578826682608,0.0592170489497531,0.00872900328885963,0.0801088946460864,0.016845889979589,0.0388513694941205,0.00343379633935824,0.0508478348170254,0.0405851098747024
"125","ELN_MAE","g2",2,0,0,0.0557391203752654,0.00520133250204067,0.0721047352009073,0.0169920916217527,0.0562932013893487,0.00531534420056088,0.0728676214181272,0.0123013310726803,0.0542383101716816,0.00499223273740872,0.0704342426543829,-0.000275232220904431
"126","ELN_MAE","g2",2,1,0.01,0.046324808760738,0.00455958553176952,0.0645996795157849,0.0230213830786377,0.0534786540178499,0.00737279069878036,0.0726171950644364,0.026407737394395,0.049299434808716,0.00541387380852142,0.06328661563352,0.0259098977504249
"127","ELN_MAE","g2",2,1,0.1,0.0463338818769973,0.00455974046346019,0.0645996706584899,0.0236450652648573,0.0534868645943885,0.00737025553868111,0.0725861194440935,0.0267249071288647,0.04931789168238,0.00541800732218011,0.0632817696008188,0.0265223440148039
"128","ELN_MAE","g2",2,1,1,0.0463521523644008,0.00455752380735027,0.0645850339415537,0.0243917348253456,0.0534977865526474,0.00737442129788883,0.0726165654176297,0.0255227308891111,0.0493222839820436,0.00542724436419021,0.063356571148772,0.0256533542690274
"129","ELN_MAE","g2",3,0,0,0.0558262119243573,0.00521242182166493,0.0721842703097852,0.0169776166577187,0.055776118085719,0.00524494155467189,0.0723905179476038,0.0108967189439308,0.0545535968510075,0.00496137864817132,0.0703566387252481,-0.00967990264902969
"130","ELN_MAE","g2",3,1,0.01,0.0475226659465635,0.00490419943100315,0.0663783045536023,0.0208417824667546,0.0519196360074856,0.00692301276532462,0.0728051814968577,0.0244240362617164,0.0540202727230589,0.00650239382395468,0.0695667777015322,0.017315873704921
"131","ELN_MAE","g2",3,1,0.1,0.0475364213605144,0.00490465651486409,0.0663832895691366,0.0211243536242002,0.0519283677991531,0.00692157257093252,0.0727731033355176,0.0247987219647981,0.0539839808637821,0.00649967305427373,0.069549246672715,0.0173564133974059
"132","ELN_MAE","g2",3,1,1,0.0475217916968492,0.00489919612271724,0.0663417417961649,0.0226658017979292,0.0519202142047456,0.00692636314352055,0.0728035595834525,0.025421281610677,0.0539800171418665,0.00649929377983483,0.0695871302491278,0.0207415159203951
"133","ELN_MAE","g3",1,0,0,0.055040442605819,0.00507840432160176,0.071251813456698,0.0360409344454248,0.0559810610979149,0.00528434196427512,0.0726654860249448,0.0240478480942354,0.056156603384517,0.00527381153863708,0.0723527950217294,0.0434935064260719
"134","ELN_MAE","g3",1,1,0.01,0.0428447324461659,0.00370321550524354,0.0586550509915377,0.0464050610271294,0.0587459215721179,0.00868291549406123,0.07971364071487,0.0362958209592986,0.0377921019137575,0.00334301001099396,0.0496997779623361,0.0974343687601817
"135","ELN_MAE","g3",1,1,0.1,0.0428410729187342,0.00370120208156904,0.0586396477605585,0.0468045204908896,0.0587508624326082,0.00868254728208537,0.0797033138514029,0.0342213578136237,0.0377429599098215,0.00334395575082875,0.0496823525289196,0.101724461174121
"136","ELN_MAE","g3",1,1,1,0.042905468204243,0.00371189795937751,0.058729564015702,0.0508709971208472,0.058789926605014,0.0086833650089743,0.0796995235801991,0.0325856026407876,0.0379581918853713,0.00336460571190664,0.0498927218834478,0.116246110917044
"137","ELN_MAE","g3",2,0,0,0.0548764945796801,0.00506107737205729,0.0711307105834905,0.0395185424528448,0.0559974159327462,0.00527897953087917,0.0726157416373146,0.0334087492077454,0.0548060141454919,0.00507822417046161,0.0710895106202951,0.00701806991940648
"138","ELN_MAE","g3",2,1,0.01,0.0458761969221792,0.00451058722222805,0.0642018607150984,0.0402132635447078,0.0528811735487491,0.00731779606061461,0.0720591578567536,0.0544409338475844,0.0488424584856991,0.00536701546498031,0.062780907804638,0.0671560139457511
"139","ELN_MAE","g3",2,1,0.1,0.0458523634967542,0.00450596816525889,0.0641757633486083,0.039964598490882,0.0528794639662583,0.00731881791210414,0.072058330875022,0.0524604199457829,0.0487845766046256,0.00535808681055243,0.0627048662809681,0.0680391806721684
"140","ELN_MAE","g3",2,1,1,0.045902399794417,0.0045156363565843,0.0642300365888519,0.041819100391204,0.0529406800673185,0.00732031036171701,0.0720790223342507,0.0554884023382025,0.0488584440694482,0.00536482575680787,0.062738933266788,0.0716040406435038
"141","ELN_MAE","g3",3,0,0,0.0550459599817334,0.00508898379878683,0.0713266691638089,0.0372643914596886,0.0557331734777316,0.00524154607095614,0.0723664966030921,0.029241742055185,0.054030271887375,0.00489721178203122,0.069930249607997,0.0233993495756128
"142","ELN_MAE","g3",3,1,0.01,0.0470697374426585,0.00485646280686814,0.0659784316649367,0.0384257132225876,0.0513144279346907,0.00686594274453898,0.0722575700256109,0.0538265977722639,0.0533826597715148,0.00642147374391405,0.0689085519428961,0.0506224805877015
"143","ELN_MAE","g3",3,1,0.1,0.0470737194575584,0.00485501010106023,0.0659704792762246,0.0376685513103604,0.051302271883942,0.00686625337604389,0.0722398968185055,0.0524425106236603,0.0534118136441102,0.00642850036169922,0.0689725725203288,0.0523450749914821
"144","ELN_MAE","g3",3,1,1,0.0470869225968474,0.00485764309078894,0.0659843133426041,0.0403708711729301,0.0513488784139571,0.00686889383296198,0.0722628612083636,0.0575663988506938,0.0534441119989482,0.00642827081521744,0.0690066475188071,0.055536797331572
"145","RF_MSE","g1",1,0,0,0.0235871134695609,0.00101410714926718,0.0318389582457713,0.811997945397318,0.0570177493637355,0.00545784441392152,0.0738550410262851,-0.000544806295299882,0.0577158695297655,0.00552739019470489,0.0740874589378942,-0.0110100911102721
"146","RF_MSE","g1",1,1,0.01,0.0184574415600163,0.000746977285168468,0.0263271139680613,0.81255113620529,0.0595137303852043,0.00877532338193182,0.0804137195575949,0.0176794383842418,0.0384875093805891,0.00341393332388032,0.0504838577950361,0.0488399980037796
"147","RF_MSE","g1",1,1,0.1,0.0185929578060894,0.000760966593826231,0.0265303696219348,0.810318059846105,0.0595636572529952,0.00877821470607599,0.0804444683861179,0.014229540696214,0.0386473964944003,0.00343827888038456,0.0507478180076755,0.0442467640145404
"148","RF_MSE","g1",1,1,1,0.0188863286091921,0.0007844177941136,0.0269599710017309,0.804486978253092,0.0597792502611054,0.00880112238045838,0.080622753518342,0.0052656727106295,0.0390172417168419,0.00346938754309473,0.051182115121092,0.0422827020476047
"149","RF_MSE","g1",2,0,0,0.02353581856745,0.00101209770455448,0.0318056939183239,0.811941946606095,0.0571703609945174,0.005476751617238,0.0739785864778997,0.00305408322494602,0.0558498728392041,0.0052207040615004,0.0720705868985238,-0.024071401980608
"150","RF_MSE","g1",2,1,0.01,0.0197553996123766,0.000918605872573046,0.0289631582511408,0.80865042790385,0.0537690410796216,0.00743399927642035,0.0729687413879552,0.0253182604251012,0.0496225535650535,0.00547437857787809,0.0637148398546307,0.0238968666629242
"151","RF_MSE","g1",2,1,0.1,0.0198548143527724,0.000928549371597963,0.0290663414669747,0.807760042052717,0.0537841820821687,0.0074350729702575,0.0729715042053129,0.0239359744397213,0.0496907086691455,0.00548621897328558,0.0637723439270281,0.0266954205841193
"152","RF_MSE","g1",2,1,1,0.0202621091266782,0.000960916169405516,0.0296056351259418,0.800190953771838,0.0541007981214874,0.00745462460968885,0.073268305086791,0.0117533087935499,0.050218937127417,0.00555514539900471,0.064452113368526,0.0106098653557185
"153","RF_MSE","g1",3,0,0,0.0239483980186307,0.00104357760501137,0.0322664735873139,0.806162694231191,0.057004209903921,0.00544860545292106,0.0737844803624689,-0.00145416554392621,0.0560923909663407,0.00522485295929994,0.0722067855473425,-0.0340441516156155
"154","RF_MSE","g1",3,1,0.01,0.0203080257066562,0.000993515820156235,0.0297762949609289,0.808096963363773,0.0521203473592261,0.00697181673045765,0.0729889224944863,0.032523151484574,0.0544030336820781,0.00658432640053274,0.0702240758527779,0.0094447839759662
"155","RF_MSE","g1",3,1,0.1,0.0203118377849595,0.000988453668908768,0.029750300604796,0.807930574657782,0.0521784935706739,0.00697893742892304,0.0730174375699696,0.0312163285439299,0.0543477706625523,0.0065756236833861,0.0701952925181296,0.00910094550530987
"156","RF_MSE","g1",3,1,1,0.0207353751170677,0.00102962426281578,0.0303734993760881,0.799620191310661,0.0525507388743601,0.00702845714015256,0.0733844544448325,0.0238678332010376,0.054589944768864,0.00659902377603638,0.0703849919098849,-0.000667894236715161
"157","RF_MSE","g2",1,0,0,0.0239243717413383,0.00104381011875789,0.0322939567315129,0.803210445950278,0.0569015491702971,0.00542778221057285,0.0736544811121594,-0.00749307755644596,0.0561789479099832,0.00528384164331357,0.0724907433357969,-0.0346680570059489
"158","RF_MSE","g2",1,1,0.01,0.0184782594345957,0.000752416093645377,0.0264043793404856,0.806615350314749,0.0593663723559085,0.00875365639098898,0.0802575792904367,0.0138728741674781,0.0385388751905058,0.00341581776206117,0.0505869902442881,0.0483884385056656
"159","RF_MSE","g2",1,1,0.1,0.0184859195164799,0.000752281694349458,0.0263926214922779,0.806968072460279,0.0594004402918139,0.00875601943462033,0.0802662532832608,0.0134339873888023,0.0384968366204618,0.0034135554385795,0.0505342032376666,0.054247639966675
"160","RF_MSE","g2",1,1,1,0.0189414076503076,0.000788558956858094,0.0270521274088135,0.797099486573722,0.0595229891609859,0.00877115770000144,0.0803596287974602,0.00927485335024064,0.0389897756214031,0.00345456465286171,0.0510536194612466,0.0327770923290997
"161","RF_MSE","g2",2,0,0,0.0240710629705852,0.00105287567778457,0.0324244239111529,0.800949876591073,0.0570964410255374,0.00545929998140058,0.0738477861169616,-0.0145164778512262,0.0551143962211371,0.00512069422517238,0.0713869400876988,-0.0289993863639719
"162","RF_MSE","g2",2,1,0.01,0.0198238923179285,0.000925098540241074,0.0290252499755935,0.80370259380654,0.0536981476848408,0.00741959658465021,0.0728567675998636,0.0181916331960292,0.0495382515770215,0.00545411613728984,0.0636089331128075,0.0169918506831427
"163","RF_MSE","g2",2,1,0.1,0.0201730023295978,0.00096978392342103,0.029519260483179,0.798872403141477,0.0537473410682472,0.00742574758258686,0.0729084526849093,0.0159829791808915,0.049740103936415,0.00547373771729855,0.0637888806817417,0.00776682737329045
"164","RF_MSE","g2",2,1,1,0.0203891118262219,0.000973296611237104,0.029799472007011,0.793209815348491,0.053971493455343,0.00744776619239816,0.0730998612494015,0.00742819927438111,0.0498795309301641,0.00551163026505331,0.0640309286208249,0.00146195601631266
"165","RF_MSE","g2",3,0,0,0.0239120792946526,0.00104037960904008,0.0322378168232945,0.803513660069465,0.0563961973033998,0.00534747104971619,0.0730988598641203,-0.00874500718137144,0.0550414929823592,0.0050340992639822,0.0708905007745255,-0.0260181744370861
"166","RF_MSE","g2",3,1,0.01,0.0203349013778029,0.000993689005688257,0.0298066514541805,0.803742281405994,0.0520207615493132,0.00695803874184173,0.072845525950084,0.0282510930363439,0.0543043569430934,0.00654684803080011,0.0699683038502834,0.00391177705566043
"167","RF_MSE","g2",3,1,0.1,0.0203751452910531,0.00100269314365111,0.0298671019003775,0.803363495406833,0.052007567004866,0.00695253623644191,0.0728216295306484,0.0271095292488558,0.0541993682088817,0.00653451115305285,0.0698975889994553,0.00402452799985724
"168","RF_MSE","g2",3,1,1,0.0207807831899982,0.00103271124677397,0.0303741641360067,0.796307369078159,0.0522721714013743,0.00698871904044128,0.0730727063781628,0.0190749455961117,0.054533322742264,0.00658829835946917,0.070263834448001,-0.00202330912528312
"169","RF_MSE","g3",1,0,0,0.0235425148655684,0.00100982263362841,0.0317650134569399,0.808417837260247,0.0568847961241288,0.0054346910074595,0.0736934391076138,-0.00393101870271931,0.0574144895620137,0.0054877082901743,0.0738425869398631,0.00288804878911436
"170","RF_MSE","g3",1,1,0.01,0.0183714384726895,0.000740335045142498,0.0262044454995083,0.810116151671405,0.0594349742139251,0.00876917074759324,0.0803526195325493,0.0136257254082783,0.0385529670610319,0.00342286768365108,0.0505976958616438,0.0505155588970323
"171","RF_MSE","g3",1,1,0.1,0.0185196142485762,0.000755497276871879,0.0264578418775153,0.806500058551576,0.0594653229156115,0.00877849248758963,0.0803743967243788,0.0104683916379555,0.0385937509650865,0.00341891784063963,0.0506422411635768,0.0468911499623681
"172","RF_MSE","g3",1,1,1,0.0189472743141908,0.000789329512593192,0.0270287635352143,0.799871212202043,0.0597264946426469,0.00878433131049834,0.0805429163995681,0.00155554908623091,0.039229186767882,0.00348149579042083,0.0513995051671865,0.0305055768944063
"173","RF_MSE","g3",2,0,0,0.0236511371787543,0.00101709613404107,0.0318840497456428,0.806991476595857,0.057153147232225,0.00548034608237551,0.0739992488508958,-0.00391961391910292,0.0559823972380207,0.00524679920078888,0.0722562800129179,-0.0259106490287563
"174","RF_MSE","g3",2,1,0.01,0.0197186741015132,0.000911350110633201,0.0288429292867286,0.806544251319233,0.0536611304288429,0.00742047356956282,0.0728611956879492,0.0217162997485258,0.0496572044067054,0.00549353601887725,0.0638565237670683,0.0239855037947294
"175","RF_MSE","g3",2,1,0.1,0.0198351447057184,0.00092115548528576,0.0289963476794781,0.804442842811832,0.0536571267648554,0.00742423369001251,0.0728433495777138,0.0213166823088941,0.0496865775948641,0.00547990859631083,0.063758166235811,0.0250503043252243
"176","RF_MSE","g3",2,1,1,0.0202818163299085,0.000963148741646865,0.0296384386019929,0.796479176958128,0.0540439587723315,0.0074549260265624,0.0731902783620115,0.00825812812936081,0.0501694876726379,0.00553067833598853,0.0642790463171902,0.00206851288444362
"177","RF_MSE","g3",3,0,0,0.0236744191418247,0.00101870093188555,0.0318995869340745,0.807240272822602,0.0567693490515489,0.00542097195047153,0.0735956988899907,-0.00404594057321301,0.0555561191188315,0.00516881108894508,0.0718421526539302,-0.0310879301852166
"178","RF_MSE","g3",3,1,0.01,0.020299015986696,0.000994373376654913,0.0298099904919832,0.804236936784263,0.0520441387515945,0.00697457509591578,0.0729784608687477,0.0283806463420076,0.0542832856031029,0.00654875813920613,0.0700198944220902,0.00808784057753636
"179","RF_MSE","g3",3,1,0.1,0.0204154544769372,0.00100278517331404,0.0299018899756595,0.803264120169678,0.0520578981258556,0.00697018884151762,0.0729329577770701,0.0275192667253298,0.0544893713368847,0.00658579692706007,0.0702404788674041,0.00782724353233709
"180","RF_MSE","g3",3,1,1,0.0207334177859798,0.00102703438642169,0.0303356703796151,0.797418158680164,0.052386321573085,0.00699015519524805,0.0732024508191235,0.0202391908534755,0.0546186678968643,0.0065990150572778,0.0704267755834853,0.00338267171406184
"181","RF_MAE","g1",1,0,0,0.0289678073147937,0.00167048416336593,0.0408504735957277,0.690717152135743,0.0566326533262127,0.00538297159715509,0.073344436878894,0.0133551726414954,0.0573658223061927,0.00547356865961522,0.0737132877315012,-0.000824019540815846
"182","RF_MAE","g1",1,1,0.01,0.0229235296045947,0.00132204302351879,0.0348845013014664,0.67254067457644,0.0594408119912764,0.00876350696739565,0.0803342714986351,0.0198561531291319,0.0385471510167358,0.00341833440722846,0.0505527352615893,0.0448149421551341
"183","RF_MAE","g1",1,1,0.1,0.022566715185205,0.00127732150223776,0.0344194215021541,0.679976480082107,0.0593234457871744,0.00874976923802441,0.0802299092483607,0.0213577915573788,0.0384543951391423,0.00341386039948934,0.0504830764935044,0.057486423323847
"184","RF_MAE","g1",1,1,1,0.0232865556082136,0.00132898769967948,0.0351001834410777,0.668441951448261,0.0594390102395051,0.00876547204190067,0.0803469198284305,0.0145558364938205,0.0387671915640346,0.00343979079681842,0.050873814671891,0.0589501049871203
"185","RF_MAE","g1",2,0,0,0.0290781884113476,0.00168366060015375,0.0410273562921182,0.68716608952206,0.0569000232134884,0.00542761616001084,0.0736385144593913,0.0125020323053187,0.0555734693411806,0.00517094173603303,0.0717354715148572,-0.0145837117949951
"186","RF_MAE","g1",2,1,0.01,0.0242084893853696,0.00162060512868732,0.0383115745074038,0.667083320266688,0.0535420743198307,0.00739775117071666,0.0727247618025157,0.0342499531505573,0.0493653198456804,0.00544094523676866,0.0633323557300036,0.0431705867545955
"187","RF_MAE","g1",2,1,0.1,0.0241658219424546,0.00160428092385447,0.038220394136826,0.667389071670816,0.0535314224161831,0.00739160580895427,0.0727141626408925,0.0322313515568625,0.0493797405124345,0.00543412520344993,0.0633065897787856,0.0457901446078869
"188","RF_MAE","g1",2,1,1,0.0248971462908754,0.00164244811477383,0.0386779698653855,0.659296080324072,0.0537038715162727,0.00740887275433876,0.0728606183076699,0.0289951898919848,0.0495510900995324,0.00545349258402459,0.0635334917166971,0.0494943897836305
"189","RF_MAE","g1",3,0,0,0.0291079875388594,0.00168643220275229,0.0410560640468009,0.686732906229044,0.056692714587956,0.00539807088765271,0.0734418101854693,0.00775230442098573,0.0552013648562615,0.00506174980119391,0.0710918169971753,-0.00248401487585268
"190","RF_MAE","g1",3,1,0.01,0.0248374635348213,0.00174376170596064,0.0393375861211597,0.666203119144061,0.0519065440289535,0.00694808288733773,0.0727958222413828,0.0399548171963221,0.0540579769212679,0.00652825154669371,0.0697412073562974,0.0283562357014157
"191","RF_MAE","g1",3,1,0.1,0.0246638552255011,0.00170637585779258,0.0390508064554741,0.669381782104202,0.0518594643883101,0.00693543379074153,0.0727401619211216,0.0401186942945493,0.0538917741827505,0.00651319181501616,0.0696562590930449,0.0281893512573829
"192","RF_MAE","g1",3,1,1,0.0255159037491959,0.00175943929125361,0.0396705056579821,0.658426952643986,0.0521156597411629,0.00696076811469762,0.0729880462038951,0.0371585993907549,0.0540193631030447,0.00651833458536447,0.069678752504519,0.0265022553315594
"193","RF_MAE","g2",1,0,0,0.029173316605509,0.00169268943631785,0.041131015415545,0.680952160303143,0.0566133407711157,0.00537767438376373,0.0733115282214905,0.00193898645699474,0.0558623130823446,0.0052235557506585,0.0720338730571453,-0.0207182989112886
"194","RF_MAE","g2",1,1,0.01,0.0228033953925164,0.00131471932983014,0.0348166523270443,0.664974100080793,0.0591857800005941,0.00873142960893703,0.0800743954791377,0.0203451452608022,0.0383626887782188,0.00340875176103459,0.0503744685047961,0.0644132550621361
"195","RF_MAE","g2",1,1,0.1,0.0225322430775514,0.00127782140476078,0.0344342480236046,0.670737053895583,0.0591519586715613,0.00872099393877542,0.0800265089215257,0.0210291072495988,0.0383211334827947,0.00339683683961448,0.0503112338829432,0.0669730304014366
"196","RF_MAE","g2",1,1,1,0.0233131516132035,0.00132832059311108,0.0351016733151975,0.658591707975856,0.0591731413178872,0.00872468609602007,0.0800393352082448,0.0199739645204428,0.0384767959876865,0.00341060269642103,0.0505436748317346,0.0614778327713282
"197","RF_MAE","g2",2,0,0,0.0289662921969797,0.00167271958200713,0.040887315295908,0.683722910872311,0.0566814539041164,0.00538833618930278,0.0733680276961173,-0.00143823745126651,0.054811178340829,0.00507853129805752,0.0710947125953301,-0.0210654521120294
"198","RF_MAE","g2",2,1,0.01,0.0244269467786964,0.00164599618406015,0.038553278779197,0.655951827974343,0.0534273674967539,0.00737365058011786,0.0725753678143509,0.02791026362576,0.0492333294341153,0.00542179269580471,0.0632494827695465,0.0338255685119239
"199","RF_MAE","g2",2,1,0.1,0.0242023261214449,0.00160768765519449,0.0382403259634408,0.659965936083723,0.0535008481948673,0.00738243577617904,0.0726298353840328,0.0254918215365486,0.049169179581201,0.00540612530786971,0.0631618899774185,0.0357105477924365
"200","RF_MAE","g2",2,1,1,0.0249812040357587,0.00164778137463402,0.0387456743945494,0.650660113944339,0.0535182396911806,0.00739504349717687,0.0726673507792265,0.0251774881909655,0.0491285752300399,0.00542177497986599,0.0631534444623717,0.0426806164129474
"201","RF_MAE","g2",3,0,0,0.0300175417767063,0.00177972091941847,0.0421432884811248,0.664061829756416,0.0561382388368189,0.0053024918076461,0.0727930629332261,-0.000411408372848388,0.0544810746400462,0.00495017458358163,0.0702844736502426,-0.00790219345465597
"202","RF_MAE","g2",3,1,0.01,0.0248029926492802,0.00172375113382502,0.0392365986430973,0.6596738439724,0.051727765879194,0.00691931637124813,0.0726083320051006,0.0364014670637244,0.0537705711867784,0.00647371521692731,0.0693840659407412,0.025261303709071
"203","RF_MAE","g2",3,1,0.1,0.0247558190375673,0.00172481944780543,0.0392197011695149,0.660607288516943,0.0517299699809126,0.0069091568594884,0.0725759152263675,0.0348547306814212,0.0537666861391134,0.0064707740378189,0.0692963977829349,0.0284513007895714
"204","RF_MAE","g2",3,1,1,0.0258658700580394,0.00182245295847596,0.0400950632305847,0.647901789866002,0.0518239304811679,0.00693145754072684,0.0726755005285525,0.0353097010386125,0.0537783982647877,0.00648208670526032,0.0694488110775051,0.0269123219538569
"205","RF_MAE","g3",1,0,0,0.0289471202920916,0.0016689626404669,0.0408459915297115,0.683178898364569,0.0566511146051792,0.00539640992858824,0.0734374835543091,0.00306244087239007,0.0571938181469968,0.00546703841513442,0.0736991666746496,0.00705273120639722
"206","RF_MAE","g3",1,1,0.01,0.0225266635400516,0.00127938648352178,0.0344612895997241,0.671318022450033,0.0593120935860336,0.00874850404295589,0.0802380267237999,0.0167891415332486,0.0383738225793877,0.00338720910301594,0.0503637544374978,0.0576992343757493
"207","RF_MAE","g3",1,1,0.1,0.0226657025553693,0.00129227066351199,0.0345775724589868,0.670141464630276,0.059253615216393,0.00874245574939336,0.0801664604651967,0.0169878884071934,0.0384183657601763,0.00340266541524601,0.0504744046610744,0.0551299257905663
"208","RF_MAE","g3",1,1,1,0.0234540653815348,0.00134355792623017,0.0352803537006988,0.658742971578539,0.0594004057622463,0.00875711215686717,0.0802701372445934,0.0110748215203358,0.0388917029013604,0.00345318494839601,0.0510318197309898,0.0545867151341098
"209","RF_MAE","g3",2,0,0,0.0291223372974094,0.00168940490459737,0.04108935495886,0.679471940874429,0.0568546641262671,0.00543135019343735,0.0736657069383525,0.00517670785559954,0.0555357163264378,0.00517300080609493,0.0717376464253182,-0.0107732978339479
"210","RF_MAE","g3",2,1,0.01,0.0241856254266081,0.00161111392545794,0.0382683705144114,0.660722708195296,0.0534779730634755,0.00738710811417875,0.0726685597755869,0.028254430569984,0.0493078294582153,0.00543210238222834,0.0633478118344916,0.0438848755735831
"211","RF_MAE","g3",2,1,0.1,0.0241299534971963,0.0015974568979983,0.0381414155445212,0.66210545891683,0.0533902618989102,0.00737470255334443,0.0725689157266719,0.0299046167519528,0.0491930338446378,0.00541814387909903,0.0632168335995559,0.0466802588344179
"212","RF_MAE","g3",2,1,1,0.0249965071824721,0.00165341071140058,0.0387991451175987,0.651736380952369,0.0536085103693385,0.0073940378098569,0.072733921917777,0.0272657952538865,0.0494555209538353,0.0054398838580567,0.0634783674729278,0.038341698751406
"213","RF_MAE","g3",3,0,0,0.0296408870780052,0.00174209569243893,0.0417186932349338,0.670448162246194,0.0565937047786999,0.00538744407009528,0.0733671827040902,0.00222847741472553,0.0550205418677699,0.00504802292183846,0.0710005944967941,-0.00693406130137703
"214","RF_MAE","g3",3,1,0.01,0.0248927164420878,0.00174550081388663,0.0394039821444298,0.65887119510413,0.0518639786181769,0.00693740499223879,0.0727585632719708,0.0348632910025412,0.0539702654525309,0.00650947751785296,0.0696423434653467,0.0237481867170374
"215","RF_MAE","g3",3,1,0.1,0.0247824464829304,0.00172836421502903,0.0392260452023744,0.661478396351655,0.0518169880094104,0.00694001424605492,0.0727174980379925,0.0355357125753835,0.0538708473099079,0.00649616654428983,0.0695076652857705,0.0336232341606712
"216","RF_MAE","g3",3,1,1,0.025597265943221,0.00177089045826808,0.0397473494824617,0.653288100025565,0.0520465542635961,0.0069529710818262,0.0729008683365341,0.0324860662107891,0.0541480597743185,0.00653300490787726,0.0698161279082785,0.0261058489045218
